asin,product_name,brand,parent_company,country_of_origin,price_inr,rating,review_count,source,battery_life_hrs,bluetooth_version,driver_size_mm,mic_count,has_noise_cancellation,has_enc,has_touch_control,has_voice_assistant,has_fast_charge,has_dual_pairing,has_gaming_mode,has_hi_res_audio,has_spatial_audio,has_low_latency,has_ipx,why_buy
B0DTHPN47Z,"ACwO Dwots Bold Wireless in Ear Earbuds|India'S 1St Smart 1.83"" True HD Touch Display|ANC (32Db)|4 ENC Mics for Clear Calls|Find My Earphone|3D Spatial Sound|Quick Charge |60Hrs Playtime (Bold Black)",ACwO,ACwO Technologies,India,2499,3.7,178,earbuds_by_company,60.0,,,,1,1,0,0,0,0,0,0,0,0,0,Exceptional 60H battery — great for all-day use | Active Noise Cancellation for immersive listening
B0GQZBDH3Y,AROMA TWS1 Pulse V5.4 True Wireless Earbuds – Bluetooth Headphones with up to 60H Playtime | ENC | Fast Charging | Heavy Bass | Shiny Black,AROMA,Aroma India,India,499,5.0,4,earbuds_by_company,60.0,,,,0,1,0,0,1,0,0,0,0,0,0,Exceptional 60H battery — great for all-day use | Fast charging — minimal downtime between uses | Highly rated 5.0/5 by customers
B0GQZ8WQN9,AROMA NB124 Cosmo Wireless Neckband Bluetooth Headphones – up to 100H Playtime | ENC | Voice Changer | Fast Charging | Midnight Blue,AROMA,Aroma India,India,299,4.6,3,earbuds_by_company,100.0,,,,0,1,0,0,1,0,0,0,0,0,0,Exceptional 100H battery — great for all-day use | Fast charging — minimal downtime between uses | Highly rated 4.6/5 by customers
B0GX1SW3TJ,AlakhDM Wireless Earbuds Bluetooth 5.3 TWS Earphones Full Touch Control Headphones Built-in Microphone Premium Sound Quality Ensure Fast Stable & Connection With Type C Charger,AlakhDM,AlakhDM,China,349,5.0,3,earbuds_by_company,,5.3,,,0,0,1,0,0,0,0,0,0,0,0,"Latest Bluetooth v5.3 for stable, efficient connection | Highly rated 5.0/5 by customers"
B0GWZQ6C54,"Apritex Wireless Bluetooth 5.3 TWS Earbuds with Charging Case, Touch Control, Deep Bass Stereo Sound, Noise Reduction, Type-C Fast Charging.",Apritex,Apritex,China,299,5.0,1,earbuds_by_company,,5.3,,,0,0,1,0,1,0,0,0,0,0,0,"Fast charging — minimal downtime between uses | Latest Bluetooth v5.3 for stable, efficient connection | Highly rated 5.0/5 by customers"
B0GPJN68TV,Bluetooth Ear Buds with Fast Pairing Portable Charging Case Noise Isolation Mic for Calling Music Gaming (Design 299),Bluetooth,Bluetooth,China,299,4.0,21,earbuds_by_company,,,,,0,0,0,0,0,0,1,0,0,0,0,Well-rated at 4.0/5 stars
B0BW8TXJJ2,"Boat Nirvana Ion, 120HRS Battery, Crystal Bionic Sound w/Dual EQ Modes, 4Mics ENx, App Support, Low Latency, IPX4, v.5.2 Bluetooth Earbuds, TWS Ear Buds Wireless Earphones with mic (Charcoal Black)",Boat,Imagine Marketing Ltd,India,1599,4.1,13140,earbuds_by_company,120.0,,,4 mics,0,1,0,0,0,0,0,0,0,0,1,"Exceptional 120H battery — great for all-day use | IP4 water resistance — safe for workouts and rain | 4-mic array with ENC for crystal-clear calls | Well-rated at 4.1/5 stars | Trusted by 13,140+ buyers"
B0D1V8CKFQ,"Boat Airdopes 800, Dolby Audio, Adaptive EQ by Mimi, 4Mics AI ENx, App Support, Fast Charge, IPX5, v5.3 Bluetooth TWS in Ear Earbuds Wireless Earphones with mic (Interstellar White)",Boat,Imagine Marketing Ltd,India,1699,4.1,8908,earbuds_by_company,,,,4 mics,0,0,0,0,1,0,0,0,0,0,1,"Fast charging — minimal downtime between uses | IP5 water resistance — safe for workouts and rain | 4-mic array with ENC for crystal-clear calls | Well-rated at 4.1/5 stars | Popular choice with 8,908+ reviews"
B08TV2P1N8,"Boat Rockerz 255 Pro+, 60HRS Battery, Fast Charge, IPX7, Dual Pairing, Low Latency, Magnetic Earbuds, in Ear Bluetooth Neckband, Wireless with Mic Earphones (Active Black)",Boat,Imagine Marketing Ltd,India,1049,4.0,148496,earbuds_by_company,60.0,,,,0,1,0,0,1,1,0,0,0,0,1,"Exceptional 60H battery — great for all-day use | Fast charging — minimal downtime between uses | IP7 water resistance — safe for workouts and rain | Multipoint connection — pair with two devices simultaneously | Well-rated at 4.0/5 stars | Trusted by 148,496+ buyers"
B0F7Y54PJX,"Boat Rockerz 113, 40H Battery, Dual Pair, Fast Charge, ENx Tech, Stream Ad Free Music via App Support, Magnetic Buds, Bluetooth Neckband, Wireless with Mic in Ear Earphones (Active Black)",Boat,Imagine Marketing Ltd,India,899,4.0,9035,earbuds_by_company,40.0,,,,0,0,0,0,1,0,0,0,0,0,0,"Long 40H battery life for extended listening | Fast charging — minimal downtime between uses | Well-rated at 4.0/5 stars | Popular choice with 9,035+ reviews"
B0CP3N5F5B,"Boat Rockerz 235 Pro Wireless Bluetooth Neckband in Ear Earphone, Upto 20 hrs of Playtime, Beast Mode, Low Latency, IPX5 Water & Sweat Resistance, ENx Technology, Bluetooth v5.2(Active Black)",Boat,Imagine Marketing Ltd,India,999,4.0,2653,earbuds_by_company,20.0,5.2,,,1,1,0,0,0,0,1,0,0,0,1,"Decent 20H playtime for daily commutes | Active Noise Cancellation for immersive listening | IP5 water resistance — safe for workouts and rain | Well-rated at 4.0/5 stars | Popular choice with 2,653+ reviews"
B0D3LBFX1W,"Boat Airdopes 300, Cinematic Spatial Audio, 50H Battery, 4Mic AI ENx, Fast Charge, App Support, Low Latency, IPX4, v5.3 Bluetooth Earbuds, TWS in Ear Earbuds Wireless Earphones with mic (Purple Haze)",Boat,Imagine Marketing Ltd,India,1399,4.0,9418,earbuds_by_company,50.0,,,4 mics,0,1,0,0,1,0,0,0,1,0,1,"Long 50H battery life for extended listening | Fast charging — minimal downtime between uses | Spatial/3D audio for an immersive sound experience | IP4 water resistance — safe for workouts and rain | 4-mic array with ENC for crystal-clear calls | Well-rated at 4.0/5 stars | Popular choice with 9,418+ reviews"
B0FHHL4GC3,"Boat Rockerz Prime 255Z, Spatial Audio,ENx Tech, Dual Pair, 50H Battery, Stream Ad Free Music via App Support, Magnetic Buds, Bluetooth Neckband, Wireless with Mic Earphones (Onyx Black)",Boat,Imagine Marketing Ltd,India,1199,4.0,66238,earbuds_by_company,50.0,,,,0,0,0,0,0,0,0,0,1,0,0,"Long 50H battery life for extended listening | Spatial/3D audio for an immersive sound experience | Well-rated at 4.0/5 stars | Trusted by 66,238+ buyers"
B0DGTVRH97,"Boat Nirvana Crystl, Transparent Case,Spatial Audio, ANC(~32dB), 100Hrs Battery,4Mics ENx,App Support, Bluetooth Earbuds, TWS Ear Buds Wireless Earphones with mic (Quantum Black)",Boat,Imagine Marketing Ltd,India,1899,4.0,1817,earbuds_by_company,100.0,,,4 mics,1,0,0,0,0,0,0,0,1,0,0,"Exceptional 100H battery — great for all-day use | Active Noise Cancellation for immersive listening | Spatial/3D audio for an immersive sound experience | 4-mic array with ENC for crystal-clear calls | Well-rated at 4.0/5 stars | Popular choice with 1,817+ reviews"
B0FC2YFSN4,"Boat Airdopes 219, 4Mics ENx, 40H Battery, Best in Segment for Calling, Stream Ad Free Music via App Support, Bluetooth Earbuds, TWS Ear Buds Wireless Earphones with mic (Forest Sage)",Boat,Imagine Marketing Ltd,India,1099,3.9,4363,earbuds_by_company,40.0,,,4 mics,0,0,0,0,0,0,0,0,0,0,0,"Long 40H battery life for extended listening | 4-mic array with ENC for crystal-clear calls | Popular choice with 4,363+ reviews"
B0FC2Z19RX,"Boat Airdopes 219, 4Mics ENx, 40H Battery, Best in Segment for Calling, Stream Ad Free Music via App Support, Bluetooth Earbuds, TWS Ear Buds Wireless Earphones with mic (Ivory Mist)",Boat,Imagine Marketing Ltd,India,1099,3.9,4363,earbuds_by_company,40.0,,,4 mics,0,0,0,0,0,0,0,0,0,0,0,"Long 40H battery life for extended listening | 4-mic array with ENC for crystal-clear calls | Popular choice with 4,363+ reviews"
B0CC8SBFFR,"Boat Rockerz 245 v2 Pro, 30h Battery, ENx Tech, Fast Charge, Dual Pairing, Magnetic Buds, USB Type-C Interface & IPX5, Bluetooth in Ear Neckband, Wireless with Mic Earphones (Teal Green)",Boat,Imagine Marketing Ltd,India,999,3.9,121282,earbuds_by_company,30.0,,,,0,0,0,0,1,1,0,0,0,0,1,"Decent 30H playtime for daily commutes | Fast charging — minimal downtime between uses | IP5 water resistance — safe for workouts and rain | Multipoint connection — pair with two devices simultaneously | Trusted by 121,282+ buyers"
B0F8BVYRWS,"Boat Airdopes Prime 701 ANC, 46dB Hybrid ANC, 50Hr Battery, Real Spatial Audio,Multidevice Connect,App Support, Bluetooth Earbuds, TWS Ear Buds Wireless Earphones with mic (Obsidian Black)",Boat,Imagine Marketing Ltd,India,1999,3.9,2924,earbuds_by_company,50.0,,,,1,0,0,0,0,0,0,0,1,0,0,"Long 50H battery life for extended listening | Active Noise Cancellation (46db hybrid anc) blocks out distractions | Spatial/3D audio for an immersive sound experience | Popular choice with 2,924+ reviews"
B0DPWJYQK1,"Boat Airdopes 111v2, Premium Leather Finish, 4Mics ENx, 50HRS Battery, 13mm Drivers, Fast Charge, Dual Pair, v5.4 Bluetooth TWS in Ear Earbuds Wireless Earphones with mic (Classic Black)",Boat,Imagine Marketing Ltd,India,1299,3.9,10682,earbuds_by_company,50.0,,13.0,4 mics,0,0,0,0,1,0,0,0,0,0,0,"Long 50H battery life for extended listening | Fast charging — minimal downtime between uses | 4-mic array with ENC for crystal-clear calls | 13mm driver for rich, detailed sound | Trusted by 10,682+ buyers"
B0DXP8JM1M,"Boat Nirvana Zenith Pro, 50dB Hybrid Adaptive ANC, Spatial Audio, Hi-Res Audio LDAC, 6Mics AI-ENx, 80 Hrs Battery, Bluetooth Earbuds, TWS Ear Buds Wireless Earphones with mic (Crimson Red)",Boat,Imagine Marketing Ltd,India,2999,3.9,1503,earbuds_by_company,80.0,,,6 mics,1,0,0,0,0,0,0,1,1,0,0,"Exceptional 80H battery — great for all-day use | Active Noise Cancellation (50db hybrid adaptive anc) blocks out distractions | Spatial/3D audio for an immersive sound experience | Hi-Res audio (LDAC/LHDC) for studio-quality sound | 6-mic array with ENC for crystal-clear calls | Popular choice with 1,503+ reviews"
B0C411BWXD,"Boat Airdopes Joy, 35Hrs Battery, Fast Charge, IWP Tech, Low Latency, 2Mic ENx, Type-C Port, v5.3 Bluetooth Earbuds, TWS Ear Buds Wireless Earphones with mic(Dark Cyan)",Boat,Imagine Marketing Ltd,India,999,3.8,8765,earbuds_by_company,35.0,,,2 mics,0,1,0,0,1,0,0,0,0,0,0,"Decent 35H playtime for daily commutes | Fast charging — minimal downtime between uses | Built-in 2 mics for hands-free calling | Popular choice with 8,765+ reviews"
B0FPLP7SMZ,"Boat Airdopes 131 Gen 2, 13mm Drivers, 70H Battery, ENx Tech, Beast Mode 45 ms Low Latency, ASAP Charge, Bluetooth Earbuds, TWS Ear Buds Wireless Earphones with mic (Carbon Black)",Boat,Imagine Marketing Ltd,India,999,3.8,5632,earbuds_by_company,70.0,,13.0,,0,1,0,0,1,0,1,0,0,1,0,"Exceptional 70H battery — great for all-day use | Ultra-low 45ms latency — ideal for gaming and video | Fast charging — minimal downtime between uses | 13mm driver for rich, detailed sound | Popular choice with 5,632+ reviews"
B0G48KJ7LJ,"Boat Airdopes 212, 50H Battery, ENx Tech, Beast Mode, ASAP Charge, Bluetooth Earbuds, TWS Ear Buds Wireless Earphones with mic (Ivory)",Boat,Imagine Marketing Ltd,India,849,3.8,67,earbuds_by_company,50.0,,,,0,0,0,0,1,0,1,0,0,0,0,Long 50H battery life for extended listening | Fast charging — minimal downtime between uses
B0G48M3KXD,"Boat Rockerz 200, 40H Battery, Signature Sound, ENx Tech, Dual Pairing, 60 ms Low Latency, IPX5, ASAP Charge, Magnetic Buds, Bluetooth Neckband, Wireless with Mic Earphones (Active Black)",Boat,Imagine Marketing Ltd,India,799,3.8,46,earbuds_by_company,40.0,,,,0,1,0,0,1,1,0,0,0,1,1,Long 40H battery life for extended listening | Fast charging — minimal downtime between uses | IP5 water resistance — safe for workouts and rain | Multipoint connection — pair with two devices simultaneously
B0DZXX6SKP,"Boat Airdopes Plus 311, Glass Design, ENx Tech, Fast Charge, 50 Hrs Battery, Stream Ad Free Music via App Support Bluetooth Earbuds, TWS Ear Buds Wireless Earphones with mic (Crimson Red)",Boat,Imagine Marketing Ltd,India,999,3.7,5344,earbuds_by_company,50.0,,,,0,0,0,0,1,0,0,0,0,0,0,"Long 50H battery life for extended listening | Fast charging — minimal downtime between uses | Popular choice with 5,344+ reviews"
B0DZXT72RY,"Boat Airdopes Plus 311, Glass Design, ENx Tech, Fast Charge, 50 Hrs Battery, Stream Ad Free Music via App Support Bluetooth Earbuds, TWS Ear Buds Wireless Earphones with mic (Ash Grey)",Boat,Imagine Marketing Ltd,India,999,3.7,5344,earbuds_by_company,50.0,,,,0,0,0,0,1,0,0,0,0,0,0,"Long 50H battery life for extended listening | Fast charging — minimal downtime between uses | Popular choice with 5,344+ reviews"
B0F4NDZ2VC,"Bouncefit Bluetooth Wireless Mangentic On/Off Neckband, 40 Hours Continuous Playback Battery, Fast Charge, IPX7, Low Latency, Active Noise Cancellation, Earbuds with Mic Earphones (Black)",Bouncefit,Bouncefit,India,346,3.5,401,earbuds_by_company,40.0,,,,1,1,0,0,1,0,0,0,0,0,1,Long 40H battery life for extended listening | Active Noise Cancellation for immersive listening | Fast charging — minimal downtime between uses | IP7 water resistance — safe for workouts and rain
B0GF29H2SZ,Deeliance Wireless Earbuds Bluetooth 5.1 TWS Earphones Full Touch Control Headphones Built-in Microphone Immersive Sound Quality Ensure Fast Stable & Connection Smart LED Headset Sports Bud,Deeliance,Deeliance,India,279,5.0,1,earbuds_by_company,,5.1,,,1,0,1,0,0,0,0,0,0,0,0,Active Noise Cancellation for immersive listening | Highly rated 5.0/5 by customers
B0G62TWV4D,Drumstone TopRated 𝟏𝟓𝐘𝐫 𝐖𝐚𝐫𝐫𝐚𝐧𝐭𝐲 Bluetooth Noise Canceling Earpiece with Mic Wireless Headset for Calls & Music for Android & iOS Devices Earphone | Ideal Gift for Professionals,Drumstone,Drumstone,India,1449,5.0,3,earbuds_by_company,,,,,1,0,0,0,0,0,0,0,0,0,0,Active Noise Cancellation for immersive listening | Highly rated 5.0/5 by customers
B0D2PZB9M3,"EDYELL Bluetooth in Ear Earphones with Earhooks, Wireless Earbuds with Noise Cancelling Mic, 50H Playback, BT5.3 Headphones Touch Control, IPX5 Waterproof Fitness Headset for Sports Running,V5",EDYELL,EDYELL,China,1899,3.9,552,earbuds_by_company,50.0,5.3,,,1,0,1,0,0,0,0,0,0,0,1,"Long 50H battery life for extended listening | Active Noise Cancellation for immersive listening | IP5 water resistance — safe for workouts and rain | Latest Bluetooth v5.3 for stable, efficient connection"
B0FVS5PRCH,"Fire-Boltt Aero TWS Earbuds Custom EQ, Wireless Bluetooth 5.4, Music & App Support, 50H Playtime, Fast Charging Case, 50ms Low Latency for Gaming, Touch Controls, IPX4 Waterproof, Clear Calls - Blue",Fire-Boltt,Boltt Sports Technologies,India,699,3.8,9306,earbuds_by_company,50.0,5.4,,,0,1,1,0,1,0,1,0,0,1,1,"Long 50H battery life for extended listening | Ultra-low 50ms latency — ideal for gaming and video | Fast charging — minimal downtime between uses | IP4 water resistance — safe for workouts and rain | Latest Bluetooth v5.4 for stable, efficient connection | Popular choice with 9,306+ reviews"
B0GHQHX1RK,"Fire-Boltt Newly Launched Aero Fit TWS Earbuds with Custom EQ, Bluetooth 5.4 Wireless Earphones, 50H Playtime, Fast Charging Case, 50ms Low Latency Gaming & Touch Controls Black",Fire-Boltt,Boltt Sports Technologies,India,849,3.8,189,earbuds_by_company,50.0,5.4,,,0,1,1,0,1,0,1,0,0,1,0,"Long 50H battery life for extended listening | Ultra-low 50ms latency — ideal for gaming and video | Fast charging — minimal downtime between uses | Latest Bluetooth v5.4 for stable, efficient connection"
B0GHQYJ6DX,Fire-Boltt Newly Launched Aero Drift TWS Earbuds Custom EQ Wireless Bluetooth 5.4 Music & App Support 50H Playtime Battery Display Fast Charging Case 50ms Low Latency Touch Controls White,Fire-Boltt,Boltt Sports Technologies,India,899,3.8,1661,earbuds_by_company,50.0,5.4,,,0,1,1,0,1,0,0,0,0,1,0,"Long 50H battery life for extended listening | Ultra-low 50ms latency — ideal for gaming and video | Fast charging — minimal downtime between uses | Latest Bluetooth v5.4 for stable, efficient connection | Popular choice with 1,661+ reviews"
B0GHQHZRJT,"Fire-Boltt Aero Clip OWS Earbud w/Clip-On Fit, Custom EQ, Wireless Bluetooth TWS,50H Playtime, 50ms Low Latency, Display on Charging Case, App Support, Touch Controls, Gaming & Music - Midnight Black",Fire-Boltt,Boltt Sports Technologies,India,1499,3.7,114,earbuds_by_company,50.0,,,,0,1,1,0,0,0,1,0,0,1,0,Long 50H battery life for extended listening | Ultra-low 50ms latency — ideal for gaming and video
B0GHQD8KP2,"Fire-BolttAero Shadow TWS Earbuds Custom EQ, RGB Lights, Wireless Bluetooth 5.4, Music & App Support, 50H Playtime, Fast Charging Case, 50ms Low Latency for Gaming, Touch Controls - Flame Red",Fire-BolttAero,Boltt Sports Technologies,India,799,4.2,80,earbuds_by_company,50.0,5.4,,,0,1,1,0,1,0,1,0,0,1,0,"Long 50H battery life for extended listening | Ultra-low 50ms latency — ideal for gaming and video | Fast charging — minimal downtime between uses | Latest Bluetooth v5.4 for stable, efficient connection | Highly rated 4.2/5 by customers"
B0GSQXFNMF,"GOBOULT Y1 v2.0 Ear Buds Wireless with 60H Playtime, Zen Quad Mic ENC, 45ms Low Latency, Touch Contorl, Dual Device Pairing, Bluetooth 6.0, 13mm Bass Driver Earbud TWS Wireless Earphone (Blue Teal)",GOBOULT,Boult Audio,India,1199,4.1,98,earbuds_by_company,60.0,6.0,,,0,1,0,0,0,1,0,0,0,1,0,"Exceptional 60H battery — great for all-day use | Ultra-low 45ms latency — ideal for gaming and video | Latest Bluetooth v6.0 for stable, efficient connection | Multipoint connection — pair with two devices simultaneously | Well-rated at 4.1/5 stars"
B0CQ4NJB5G,"GOBOULT Astra Truly Wireless in Ear Earbuds with 48H Playtime, Built-in App Support, 45ms Low Latency Gaming, 4 Mics ENC, Breathing LEDs,13mm Bass Drivers, TWS Ear Buds (Smoky Metal)",GOBOULT,Boult Audio,India,1299,4.1,795,earbuds_by_company,48.0,,,4 mics,0,1,0,0,0,0,1,0,0,1,0,Long 48H battery life for extended listening | Ultra-low 45ms latency — ideal for gaming and video | 4-mic array with ENC for crystal-clear calls | Well-rated at 4.1/5 stars
B0GM113PJQ,"GOBOULT Mustang Sprint in Ear Earbuds with 60H Playtime, Amp App Support, 32dB Active Noise Cancellation, Quad Mic ENC, Dual Device Pairing, 10mm Driver, BTv 6.0 Wireless (Turbo Yellow)",GOBOULT,Boult Audio,India,1799,4.1,277,earbuds_by_company,60.0,,10.0,,1,1,0,0,0,1,0,0,0,0,0,"Exceptional 60H battery — great for all-day use | Active Noise Cancellation for immersive listening | 10mm driver for rich, detailed sound | Multipoint connection — pair with two devices simultaneously | Well-rated at 4.1/5 stars"
B0GK1GSRLJ,"GOBOULT Mustang Torq Wireless in Ear Earbuds with 60H Playtime, App Support, Quad Mic ENC, 45ms Low Latency, 13mm Driver, Breathing LEDs, Made in India Ear Buds Wireless (Green)",GOBOULT,Boult Audio,India,1799,4.0,13365,earbuds_by_company,60.0,,13.0,,0,1,0,0,0,0,0,0,0,1,0,"Exceptional 60H battery — great for all-day use | Ultra-low 45ms latency — ideal for gaming and video | 13mm driver for rich, detailed sound | Well-rated at 4.0/5 stars | Trusted by 13,365+ buyers"
B0DZ12NCD7,"GOBOULT Astra Neo Bluetooth in Ear Earbuds with 70H Playtime, 40mm Bass Driver, Zen ENC Mic, Type-C Fast Charging, 4EQ Modes, Bluetooth 5.4, Low Latency Gaming, Wireless Earbuds (White)",GOBOULT,Boult Audio,India,1099,4.0,1536,earbuds_by_company,70.0,5.4,,,0,1,0,0,1,0,1,0,0,0,0,"Exceptional 70H battery — great for all-day use | Fast charging — minimal downtime between uses | Latest Bluetooth v5.4 for stable, efficient connection | Well-rated at 4.0/5 stars | Popular choice with 1,536+ reviews"
B0GRV5S7DW,"GOBOULT Z40 Pro v2.0 in Ear Earbuds with 100H Playtime, Amp App Support, Active Noise Cancellation, Quad Mic ENC, Dual Device Pairing, 13mm Driver, Bluetooth 5.4 Wireless (Indigo Rust)",GOBOULT,Boult Audio,India,1499,3.9,492,earbuds_by_company,100.0,5.4,13.0,,1,1,0,0,0,1,0,0,0,0,0,"Exceptional 100H battery — great for all-day use | Active Noise Cancellation for immersive listening | 13mm driver for rich, detailed sound | Latest Bluetooth v5.4 for stable, efficient connection | Multipoint connection — pair with two devices simultaneously"
B0CBV22Q52,"GOBOULT Z60 Made in India Ear Buds Wireless with 60H Playtime, 4 ENC Mics Clear Calling, 50ms Low Latency Gaming, 13mm Bass Driver Earbuds Bluetooth Wireless Earphones (Spring Green)",GOBOULT,Boult Audio,India,899,3.9,1804,earbuds_by_company,60.0,,,,0,1,0,0,0,0,1,0,0,1,0,"Exceptional 60H battery — great for all-day use | Ultra-low 50ms latency — ideal for gaming and video | Popular choice with 1,804+ reviews"
B0G51YJ53N,"GOBOULT Y1 Ear Buds Wireless with 50H Playtime, Clear Calling ENC Mic, Low Latency Gaming, Made in India, 10mm Bass Drivers Earbuds Buds TWS Bluetooth (Green)",GOBOULT,Boult Audio,India,699,3.9,215,earbuds_by_company,50.0,,,,0,1,0,0,0,0,1,0,0,0,0,Long 50H battery life for extended listening
B0DSG8SNXH,"GOBOULT Z20 Made in India Bluetooth Ear Buds Wireless 51H Playtime, Clear Calling ENC Mic, Low Latency Gaming, 10mm Drivers Earbuds Buds Bluetooth Wireless Earphones (Pine Green)",GOBOULT,Boult Audio,India,999,3.9,2221,earbuds_by_company,51.0,,10.0,,0,1,0,0,0,0,1,0,0,0,0,"Long 51H battery life for extended listening | 10mm driver for rich, detailed sound | Popular choice with 2,221+ reviews"
B0CTCX6CHW,"GOBOULT K40 True Wireless in Ear Earbuds with 48H Playtime, Clear Calling 4 Mics, 45ms Low Latency Gaming, 13mm Bass Drivers, Type-C Fast Charging, Bluetooth 5.3 Ear Buds (Ivory White)",GOBOULT,Boult Audio,India,1099,3.9,8212,earbuds_by_company,48.0,5.3,,4 mics,0,1,0,0,1,0,1,0,0,1,0,"Long 48H battery life for extended listening | Ultra-low 45ms latency — ideal for gaming and video | Fast charging — minimal downtime between uses | 4-mic array with ENC for crystal-clear calls | Latest Bluetooth v5.3 for stable, efficient connection | Popular choice with 8,212+ reviews"
B0DFMHM9CM,"GOBOULT Made in India K10 Ear Buds Wireless with 50H Playtime, 4 Mics Clear Calling, 45ms Low Latency Gaming, 10mm Bass Drivers Earbuds Buds Bluetooth Wireless Earphones (Ice Blue)",GOBOULT,Boult Audio,India,799,3.9,3482,earbuds_by_company,50.0,,,4 mics,0,1,0,0,0,0,1,0,0,1,0,"Long 50H battery life for extended listening | Ultra-low 45ms latency — ideal for gaming and video | 4-mic array with ENC for crystal-clear calls | Popular choice with 3,482+ reviews"
B0D3R1JQ7D,"GOBOULT W20 Truly Wireless in Ear Earbuds with 40H Playtime, Zen™ ENC Mic, 45ms Low Latency, 13mm Bass Drivers, Type-C Fast Charging, Touch Control, IPX5 Ear Buds TWS (Glacier Blue)",GOBOULT,Boult Audio,India,799,3.9,15048,earbuds_by_company,40.0,,,,0,1,1,0,1,0,0,0,0,1,1,"Long 40H battery life for extended listening | Ultra-low 45ms latency — ideal for gaming and video | Fast charging — minimal downtime between uses | IP5 water resistance — safe for workouts and rain | Trusted by 15,048+ buyers"
B0CHVWYZV8,"GOBOULT Z40 Pro with 100H Playtime, Zen Quad Mic ENC, 45ms Low Latency Gaming, Premium Rubber Grip Case, 13mm Bass Drivers, BT 5.3, TWS Truly Wireless in Ear Earbuds (Lavender)",GOBOULT,Boult Audio,India,1099,3.8,44096,earbuds_by_company,100.0,5.3,,,0,1,0,0,0,0,1,0,0,1,0,"Exceptional 100H battery — great for all-day use | Ultra-low 45ms latency — ideal for gaming and video | Latest Bluetooth v5.3 for stable, efficient connection | Trusted by 44,096+ buyers"
B0DMM1H92H,"GOBOULT Y1 Pro Ear Buds Wireless 60H Playtime, 4 Mics Calling, 45ms Low Latency Gaming, Made in India,13mm Bass Driver Earbuds Buds TWS Bluetooth Wireless Earphone (Powder Blue)",GOBOULT,Boult Audio,India,899,3.7,347,earbuds_by_company,60.0,,,4 mics,0,1,0,0,0,0,1,0,0,1,0,Exceptional 60H battery — great for all-day use | Ultra-low 45ms latency — ideal for gaming and video | 4-mic array with ENC for crystal-clear calls
B0F9L6VF7G,"GOBOULT Klarity 4 ANC in-Ear Truly Wireless Earbuds with 35dB Active Noise Cancellation, 60H Playtime, 4 Mics Calling, 45ms Low Latency, 10mm Driver, Type-C Fast Charging (Jet Black)",GOBOULT,Boult Audio,India,999,3.3,94,earbuds_by_company,60.0,,10.0,4 mics,1,1,0,0,1,0,0,0,0,1,0,"Exceptional 60H battery — great for all-day use | Active Noise Cancellation for immersive listening | Ultra-low 45ms latency — ideal for gaming and video | Fast charging — minimal downtime between uses | 4-mic array with ENC for crystal-clear calls | 10mm driver for rich, detailed sound"
B0FZD7ZJGD,"HAMMER Ultra Pods True Wireless Earbuds with in-Built Mic, 100H Standby Time, 1H Charging USB Type-C, 13mm Dynamic Drivers, 50H Playtime, BT v6.0 Connectivity, IPX5 Water Resistant (Beige)",HAMMER,Hammer Lifestyle,India,579,3.7,945,earbuds_by_company,100.0,6.0,,,0,0,0,0,0,0,0,0,0,0,1,"Exceptional 100H battery — great for all-day use | IP5 water resistance — safe for workouts and rain | Latest Bluetooth v6.0 for stable, efficient connection"
B0D2J4FT99,"HAMMER Screen TWS Earbuds Wireless with 13mm Drivers, ANC Ear Buds 32dB, up to 50H Playtime TWS Ear Buds, Type-C Fast Charging, BT v5.4, True Wireless Earbuds Bluetooth,Transparency & EQ Mode (White)",HAMMER,Hammer Lifestyle,India,1499,3.6,1082,earbuds_by_company,50.0,5.4,13.0,,1,1,0,0,1,0,0,0,0,0,0,"Long 50H battery life for extended listening | Active Noise Cancellation for immersive listening | Fast charging — minimal downtime between uses | 13mm driver for rich, detailed sound | Latest Bluetooth v5.4 for stable, efficient connection | Popular choice with 1,082+ reviews"
B0D7C56BJN,"HAMMER New Launch Ultra Pods TWS Wireless Bluetooth Ear buds, Inbuilt Mic, 100H Standby Time, Earbuds with 30H Playtime, USB Type-C,13mm Dynamic Drivers, IPX5 Water Resistant Bluetooth Earphones(Blue)",HAMMER,Hammer Lifestyle,India,599,3.5,751,earbuds_by_company,100.0,,,,0,0,0,0,0,0,0,0,0,0,1,Exceptional 100H battery — great for all-day use | IP5 water resistance — safe for workouts and rain
B0DHKJ5HWL,HP H200 Wireless Headset,HP,HP Inc.,USA,1306,4.0,1421,earbuds_by_company,,,,,0,0,0,0,0,0,0,0,0,0,0,"Well-rated at 4.0/5 stars | Popular choice with 1,421+ reviews"
B0G7221VDX,"Humble® Wireless Bluetooth Earbuds with Noise Cancellation, 24H Playtime, Touch Controls, Deep Bass Stereo Sound, Fast Pairing TWS Earphones with Voice Assistant Support – Black",Humble®,Humble®,India,798,4.0,59,earbuds_by_company,24.0,,,,1,0,1,1,0,0,0,0,0,0,0,Decent 24H playtime for daily commutes | Active Noise Cancellation for immersive listening | Well-rated at 4.0/5 stars
B0GCT3DKWB,"Kratos TW02 Ear Buds Wireless with 30H Playtime, Noise Isolation & Clear Calls, Bluetooth Earbuds with Voice Assistant, Ear Buds with Bluetooth V 5.3 & with Type C Fast Charging, IPX5 TWS Earphones",Kratos,Kratos India,India,499,4.4,218,earbuds_by_company,30.0,,,,0,0,0,1,1,0,0,0,0,0,1,Decent 30H playtime for daily commutes | Fast charging — minimal downtime between uses | IP5 water resistance — safe for workouts and rain | Highly rated 4.4/5 by customers
B0G2H4R5YB,"Kratos TW02 Ear Buds Wireless with 30H Playtime, Noise Isolation & Clear Calls, Bluetooth Earbuds with Voice Assistant, Ear Buds with Bluetooth V 5.3 & with Type C Fast Charging, IPX5 TWS Earphones",Kratos,Kratos India,India,499,4.2,505,earbuds_by_company,30.0,,,,0,0,0,1,1,0,0,0,0,0,1,Decent 30H playtime for daily commutes | Fast charging — minimal downtime between uses | IP5 water resistance — safe for workouts and rain | Highly rated 4.2/5 by customers
B0G2SPF2W1,"Kratos N1 Neckband Bluetooth Headphones with 30 Hours Playtime with 13mm Drivers, Rich Music Experience, Type C Fast Charging, Neckband Earphones with Voice Assistant & IPX4 Water Resistant",Kratos,Kratos India,India,398,4.0,1168,earbuds_by_company,30.0,,13.0,,0,1,0,1,1,0,0,0,0,0,1,"Decent 30H playtime for daily commutes | Fast charging — minimal downtime between uses | IP4 water resistance — safe for workouts and rain | 13mm driver for rich, detailed sound | Well-rated at 4.0/5 stars | Popular choice with 1,168+ reviews"
B0FCCH3KMZ,"Kratos N4 Bluetooth Neckband with 52H Playtime, Deep Bass, Stereo Sound, HD Calls, Magnetic Earbuds, Type-C Fast Charging, Rich Audio, Hollow Switch for Comfort & Style",Kratos,Kratos India,India,349,3.6,2001,earbuds_by_company,52.0,,,,0,0,0,0,1,0,0,0,0,0,0,"Long 52H battery life for extended listening | Fast charging — minimal downtime between uses | Popular choice with 2,001+ reviews"
B0FSDYHR92,"Kratos Cube Ear Buds Wireless with 30H Playtime, Noise Isolation & Clear Calls, Bluetooth Earbuds with Voice Assistant, Ear Buds with Bluetooth V 5.3 & with Type C Fast Charging, IPX4 TWS Earphones",Kratos,Kratos India,India,499,3.6,470,earbuds_by_company,30.0,,,,0,0,0,1,1,0,0,0,0,0,1,Decent 30H playtime for daily commutes | Fast charging — minimal downtime between uses | IP4 water resistance — safe for workouts and rain
B0GN2MYWGC,"Luxaro Mart UltraPods Max True Wireless Earbuds with Bluetooth 5.3, Enhanced Sound Quality, Touch Control, Long Lasting, Noise Cancellation & Comfortable Fit (Black)",Luxaro,Luxaro,China,277,5.0,1,earbuds_by_company,,5.3,,,1,0,1,0,0,0,0,0,0,0,0,"Active Noise Cancellation for immersive listening | Latest Bluetooth v5.3 for stable, efficient connection | Highly rated 5.0/5 by customers"
B0GHK4DS12,"Luxaro Mart UltraPods Max True Wireless Earbuds with Bluetooth 5.3, Enhanced Sound Quality, Touch Control,Battery Life, Noise Cancellation & Comfortable Fit",Luxaro,Luxaro,China,277,2.0,2,earbuds_by_company,,5.3,,,1,0,1,0,0,0,0,0,0,0,0,"Active Noise Cancellation for immersive listening | Latest Bluetooth v5.3 for stable, efficient connection"
B0GSBY5874,"M19 Wireless Bluetooth Earbuds with LED Power Display, Wireless Charging Case, Touch Control, Crystal Clear Audio",M19,M19,China,309,3.3,4,earbuds_by_company,,,,,0,0,1,0,0,0,0,0,0,0,0,Affordable wireless earbuds with Bluetooth connectivity
B0GSBRS9H1,"M19 Wireless Earbuds, Bluetooth 5.3, Touch Controls, Noise Cancelling, Bass Boost, with Mic, LED Power Display Charging Case, Black",M19,M19,China,339,,0,earbuds_by_company,,5.3,,,1,0,1,0,0,0,0,0,0,0,0,"Active Noise Cancellation for immersive listening | Latest Bluetooth v5.3 for stable, efficient connection"
B0FTFGJ495,Mivi DuoPods Marathon Earbuds Wireless | Fast Charge | 70H Playtime | BT v5.3 | 13mm Drivers | Noise Cancellation | IPX4.0 TWS,Mivi,Mivi India,India,899,4.4,732,earbuds_by_company,70.0,5.3,13.0,,1,0,0,0,1,0,0,0,0,0,1,"Exceptional 70H battery — great for all-day use | Active Noise Cancellation for immersive listening | Fast charging — minimal downtime between uses | IP4 water resistance — safe for workouts and rain | 13mm driver for rich, detailed sound | Latest Bluetooth v5.3 for stable, efficient connection | Highly rated 4.4/5 by customers"
B0FTF786Q8,Mivi DuoPods Echo | AI-ENC Calls| IPX 4.0 Earphone Wireless | 13mm Drivers Earbuds | TWS Earphone Wireless with Bluetooth 5.3 | Made in India | 1 Year Warranty | 60 Hours Playtime,Mivi,Mivi India,India,799,4.3,339,earbuds_by_company,60.0,5.3,13.0,,0,1,0,0,0,0,0,0,0,0,0,"Exceptional 60H battery — great for all-day use | 13mm driver for rich, detailed sound | Latest Bluetooth v5.3 for stable, efficient connection | Highly rated 4.3/5 by customers"
B0G2GGLTMF,Mivi DuoPods Sync in Ear Earbuds | 60H Playtime Bluetooth Earphones Wireless | Earbuds ENC for Clear Calls | 13mm Drivers Ear Buds Wireless | Gaming Mode | BT 5.3 TWS ENC Earbuds Style | Earpods,Mivi,Mivi India,India,999,4.2,651,earbuds_by_company,60.0,5.3,13.0,,0,1,0,0,0,0,1,0,0,0,0,"Exceptional 60H battery — great for all-day use | 13mm driver for rich, detailed sound | Latest Bluetooth v5.3 for stable, efficient connection | Highly rated 4.2/5 by customers"
B0GCNML31G,Noise Buds Mini Truly Wireless Earbuds (2026) | Half in-Ear Design | 40H Playtime | Quad Mic ENC for Clear Calls | 13mm Driver | Low Latency Gaming Mode | BT v5.3 | IPX4 Sweat Resistant - Calm Lilac,Noise,Go Noise Pvt Ltd,India,899,5.0,1,earbuds_by_company,40.0,5.3,13.0,,0,1,0,0,0,0,1,0,0,0,1,"Long 40H battery life for extended listening | IP4 water resistance — safe for workouts and rain | 13mm driver for rich, detailed sound | Latest Bluetooth v5.3 for stable, efficient connection | Highly rated 5.0/5 by customers"
B0G2C8MR7L,"Noise Master Buds 2 with Sound by Bose (2026),51dB Adaptive ANC, Hi-Res LHDC Audio,360° Spatial Audio with Head Tracking, 6-mic ENC, Dual Pairing, Fast Charge & BT v6.1 (Carbon)",Noise,Go Noise Pvt Ltd,India,8999,4.7,143,earbuds_by_company,,6.1,,,1,1,0,0,1,1,0,1,1,0,0,"Active Noise Cancellation (51db adaptive anc) blocks out distractions | Fast charging — minimal downtime between uses | Spatial/3D audio for an immersive sound experience | Hi-Res audio (LDAC/LHDC) for studio-quality sound | Latest Bluetooth v6.1 for stable, efficient connection | Multipoint connection — pair with two devices simultaneously | Highly rated 4.7/5 by customers"
B0CYPZGB8W,"Noise Pop Buds Truly Wireless Earbuds with 50H of Playtime, Quad Mic with ENC, Instacharge(10 Min=150 Min) Bluetooth V5.3(Lilac Pop) True Wireless",Noise,Go Noise Pvt Ltd,India,999,4.1,178,earbuds_by_company,50.0,5.3,,,0,1,0,0,1,0,0,0,0,0,0,"Long 50H battery life for extended listening | Fast charging — minimal downtime between uses | Latest Bluetooth v5.3 for stable, efficient connection | Well-rated at 4.1/5 stars"
B0FZ9WRMLN,"Noise Newly Launch Buds Play Truly Wireless Earbuds with 40H of Playtime, Quad Mic with ENC, Low Latency for Gaming (Up to 50 Ms), 13mm Driver, BT V6.0(Chalk White)",Noise,Go Noise Pvt Ltd,India,1199,4.1,246,earbuds_by_company,40.0,6.0,13.0,,0,1,0,0,0,0,1,0,0,0,0,"Long 40H battery life for extended listening | 13mm driver for rich, detailed sound | Latest Bluetooth v6.0 for stable, efficient connection | Well-rated at 4.1/5 stars"
B0FZ9RSSWZ,"Noise Newly Launched Buds Connect 3 Truly Wireless Earbuds with 40H of Playtime, Quad Mic with ENC, Low Latency, 10mm Driver, BT V5.4(Dusty Rose)",Noise,Go Noise Pvt Ltd,India,1299,4.0,17,earbuds_by_company,40.0,5.4,10.0,,0,1,0,0,0,0,0,0,0,0,0,"Long 40H battery life for extended listening | 10mm driver for rich, detailed sound | Latest Bluetooth v5.4 for stable, efficient connection | Well-rated at 4.0/5 stars"
B0FHW7PX1N,"Noise Newly Launched Buds VS601 in Ear Truly Wireless Earbuds with 50H of Playtime, Transparent Case Lid, Quad Mic ENC, Dual Device Pairing, 10Mm Driver, BT V5.3 (Copper Brown)",Noise,Go Noise Pvt Ltd,India,1399,4.0,1161,earbuds_by_company,50.0,5.3,10.0,,0,1,0,0,0,1,0,0,0,0,0,"Long 50H battery life for extended listening | 10mm driver for rich, detailed sound | Latest Bluetooth v5.3 for stable, efficient connection | Multipoint connection — pair with two devices simultaneously | Well-rated at 4.0/5 stars | Popular choice with 1,161+ reviews"
B0FZ9XV1KD,"Noise Newly Launched Buds Connect 3 Truly Wireless Earbuds with 40H of Playtime, Quad Mic with ENC, Low Latency, 10mm Driver, BT V5.4(Sage Green)",Noise,Go Noise Pvt Ltd,India,1299,4.0,17,earbuds_by_company,40.0,5.4,10.0,,0,1,0,0,0,0,0,0,0,0,0,"Long 40H battery life for extended listening | 10mm driver for rich, detailed sound | Latest Bluetooth v5.4 for stable, efficient connection | Well-rated at 4.0/5 stars"
B0CMTXW7JP,"Noise Airwave Bluetooth in Ear Neckband with 50H of Playtime, 3 EQ Modes, ENC for Calling, Low Latency(Upto 50ms), 10mm Driver, BT v5.3(Ice Blue)",Noise,Go Noise Pvt Ltd,India,999,3.9,18939,earbuds_by_company,50.0,5.3,10.0,,0,1,0,0,0,0,0,0,0,0,0,"Long 50H battery life for extended listening | 10mm driver for rich, detailed sound | Latest Bluetooth v5.3 for stable, efficient connection | Trusted by 18,939+ buyers"
B0FH73TTNN,"Noise Master Buds, Sound by Bose in-Ear Bluetooth Earbuds, Up to 49dB Adaptive ANC, LHDC 5.0, Immersive Spatial Audio, 44H Playtime with 6 mic ENC, Dual Pairing, IPX5 Ear Buds TWS (Espresso Bronze)",Noise,Go Noise Pvt Ltd,India,5999,3.9,1673,earbuds_by_company,44.0,,,6 mics,1,1,0,0,0,1,0,1,1,0,1,"Long 44H battery life for extended listening | Active Noise Cancellation (49db adaptive anc) blocks out distractions | Spatial/3D audio for an immersive sound experience | Hi-Res audio (LDAC/LHDC) for studio-quality sound | IP5 water resistance — safe for workouts and rain | 6-mic array with ENC for crystal-clear calls | Multipoint connection — pair with two devices simultaneously | Popular choice with 1,673+ reviews"
B0CQJZD55X,"Noise Buds N1 Truly Wireless Earbuds with Chrome Finish, 40H of Playtime, Quad Mic with ENC, Ultra Low Latency Gaming (Up to 40 Ms), Instacharge(10 Min=120 Min), Bluetooth V5.3(Ice Blue)",Noise,Go Noise Pvt Ltd,India,1199,3.8,15089,earbuds_by_company,40.0,5.3,,,0,1,0,0,1,0,1,0,0,0,0,"Long 40H battery life for extended listening | Fast charging — minimal downtime between uses | Latest Bluetooth v5.3 for stable, efficient connection | Trusted by 15,089+ buyers"
B0D4QNLF6Y,"Noise Buds N1 Pro Truly Wireless Earbuds with Metallic Finish, ANC(Upto 30Db), 60H of Playtime, Dual Pairing, Instacharge(10 Min=200 Min), BT V5.3(Chrome Beige)",Noise,Go Noise Pvt Ltd,India,1399,3.8,8463,earbuds_by_company,60.0,5.3,,,1,0,0,0,1,1,0,0,0,0,0,"Exceptional 60H battery — great for all-day use | Active Noise Cancellation for immersive listening | Fast charging — minimal downtime between uses | Latest Bluetooth v5.3 for stable, efficient connection | Multipoint connection — pair with two devices simultaneously | Popular choice with 8,463+ reviews"
B09Y5MK1KB,"Noise Buds VS104 Truly Wireless Earbuds with 45H of Playtime, Quad Mic with ENC, Instacharge(10 Min=200 Min), 13Mm Driver, Low Latency, BT V5.2 (Mint Green)",Noise,Go Noise Pvt Ltd,India,899,3.8,29550,earbuds_by_company,45.0,5.2,13.0,,0,1,0,0,1,0,0,0,0,0,0,"Long 45H battery life for extended listening | Fast charging — minimal downtime between uses | 13mm driver for rich, detailed sound | Trusted by 29,550+ buyers"
B0CQJWQWD9,"Noise Buds N1 Truly Wireless Earbuds with Chrome Finish, 40H of Playtime, Quad Mic with ENC, Ultra Low Latency Gaming (Up to 40 Ms), Instacharge(10 Min=120 Min), Bluetooth V5.3(Forest Green)",Noise,Go Noise Pvt Ltd,India,1199,3.8,15089,earbuds_by_company,40.0,5.3,,,0,1,0,0,1,0,1,0,0,0,0,"Long 40H battery life for extended listening | Fast charging — minimal downtime between uses | Latest Bluetooth v5.3 for stable, efficient connection | Trusted by 15,089+ buyers"
B0DS2XNXZB,"Noise Buds VS102 Plus Wireless Earbuds, Bluetooth Earbuds with 70H Playtime, Quad Mic ENC for Clear Calls, 11mm Drivers, Deep Bass, Instacharge, Bluetooth v5.3 (Deep Wine)",Noise,Go Noise Pvt Ltd,India,1199,3.7,6940,earbuds_by_company,70.0,5.3,11.0,,0,1,0,0,1,0,0,0,0,0,0,"Exceptional 70H battery — great for all-day use | Fast charging — minimal downtime between uses | 11mm driver for rich, detailed sound | Latest Bluetooth v5.3 for stable, efficient connection | Popular choice with 6,940+ reviews"
B0F9PKTL7J,"Noise Newly Launched Buds E1 in-Ear Truly Wireless Earbuds with Pebble Grain Design, 35H of Playtime, Quad mic ENC,10mm Driver, Low Latency, BT v5.3 (Charcoal Black)",Noise,Go Noise Pvt Ltd,India,999,3.5,255,earbuds_by_company,35.0,5.3,10.0,,0,1,0,0,0,0,0,0,0,0,0,"Decent 35H playtime for daily commutes | 10mm driver for rich, detailed sound | Latest Bluetooth v5.3 for stable, efficient connection"
B0D25PCFXZ,"Noise Airwave Pro Bluetooth in Ear Neckband with Upto 32 dB ANC, 60H of Playtime, Dual Device Pairing, 3 Mic ENC for Calling, Low Latency(Upto 40ms), 13mm Driver (Metallic Blue)",Noise,Go Noise Pvt Ltd,India,1299,3.5,1297,earbuds_by_company,60.0,,13.0,3 mics,1,1,0,0,0,1,0,0,0,0,0,"Exceptional 60H battery — great for all-day use | Active Noise Cancellation (32 db anc) blocks out distractions | Built-in 3 mics for hands-free calling | 13mm driver for rich, detailed sound | Multipoint connection — pair with two devices simultaneously | Popular choice with 1,297+ reviews"
B0CFYJ8HRS,"Noise Pure Pods Wireless Open Ear Earbuds with AirWave™ Technology,Up-to 80H Playtime,Quad Mic with ENC,16mm Neodymium Dynamic Driver,Detachable Pure Band,BTv5.3 (Power Black)",Noise,Go Noise Pvt Ltd,India,2999,3.3,3340,earbuds_by_company,80.0,5.3,,,0,1,0,0,0,0,0,0,0,0,0,"Exceptional 80H battery — great for all-day use | Latest Bluetooth v5.3 for stable, efficient connection | Popular choice with 3,340+ reviews"
B0F66WW9PX,"Noise Newly Launched Air Clips 2 Wireless OpenEar Earbuds with ClipDesign, AirWave™ Technology,Up-to 40H Playtime, Dual Device Pairing, ENC,12mm Driver,BTv5.3 (Frost Green), ‎AUD-HDPHN-AIRCLIPS-2-GRN",Noise,Go Noise Pvt Ltd,India,2499,3.0,415,earbuds_by_company,40.0,5.3,12.0,,0,1,0,0,0,1,0,0,0,0,0,"Long 40H battery life for extended listening | 12mm driver for rich, detailed sound | Latest Bluetooth v5.3 for stable, efficient connection | Multipoint connection — pair with two devices simultaneously"
B0FMDL81GS,"OnePlus Nord Buds 3r TWS Earbuds up to 54 Hours Playback, 2-mic Clear Calls, 3D Spatial Audio, AI Translation, 12.4mm Drivers, Dual-Device Connectivity, 47ms Low Latency - Ash Black",OnePlus,BBK Electronics,China,1999,4.3,42681,earbuds_by_company,54.0,,12.4,,0,1,0,0,0,0,0,0,1,1,0,"Long 54H battery life for extended listening | Ultra-low 47ms latency — ideal for gaming and video | Spatial/3D audio for an immersive sound experience | 12.4mm driver for rich, detailed sound | Highly rated 4.3/5 by customers | Trusted by 42,681+ buyers"
B0DFPKVGVC,"OnePlus Nord Buds 3 Truly Wireless Bluetooth Earbuds with up to 32dB Active Noise Cancellation, 10mins for 11Hours Fast Charging with Up to 43h Music Playback -Melodic White",OnePlus,BBK Electronics,China,2499,4.3,19365,earbuds_by_company,11.0,,,,1,0,0,0,1,0,0,0,0,0,0,"Active Noise Cancellation for immersive listening | Fast charging — minimal downtime between uses | Highly rated 4.3/5 by customers | Trusted by 19,365+ buyers"
B0FCMPJQ1J,"OnePlus Buds 4 TWS Earbuds with Upto 55dB Real-time ANC, Adaptive Mode, Dual Drivers and DACs, 3D Audio, Upto 45hrs Music Playback, Dual-Device connectivity, 47ms Low Latency, Storm Gray",OnePlus,BBK Electronics,China,6499,4.3,2173,earbuds_by_company,45.0,,,,1,1,0,0,0,0,0,0,1,1,0,"Long 45H battery life for extended listening | Active Noise Cancellation for immersive listening | Ultra-low 47ms latency — ideal for gaming and video | Spatial/3D audio for an immersive sound experience | Highly rated 4.3/5 by customers | Popular choice with 2,173+ reviews"
B0GQTSHLLR,"OnePlus Nord Buds 4 Pro TWS Earbuds, Upto 55dB Real-time ANC, Adaptive Mode, 12mm Titanium-Coated Driver, Spatial Audio, Upto 54hrs Playback, Dual-Device connectivity, 47ms Low Latency, Raven Black",OnePlus,BBK Electronics,China,3999,4.2,221,earbuds_by_company,54.0,,,,1,1,0,0,0,0,0,0,1,1,0,Long 54H battery life for extended listening | Active Noise Cancellation for immersive listening | Ultra-low 47ms latency — ideal for gaming and video | Spatial/3D audio for an immersive sound experience | Highly rated 4.2/5 by customers
B0FBRGKXHG,"OnePlus Bullets Wireless Z3 in-Ear Neckband with 12.4mm Drivers, 3D Spatial Audio,10 mins Charge for 27 hrs Playback, 4 EQ preset, Dynamic bass Enhancement & BT5.4",OnePlus,BBK Electronics,China,1799,4.1,228259,earbuds_by_company,27.0,5.4,12.4,,1,0,0,0,0,0,0,0,1,0,0,"Decent 27H playtime for daily commutes | Active Noise Cancellation for immersive listening | Spatial/3D audio for an immersive sound experience | 12.4mm driver for rich, detailed sound | Latest Bluetooth v5.4 for stable, efficient connection | Well-rated at 4.1/5 stars | Trusted by 228,259+ buyers"
B0GVPMYH4Y,"Original Earphone Compatible with OnePlus Bullets Wireless Z2 ANC Bluetooth in Ear Earphones with Mic, 45dB Hybrid ANC, Bombastic Bass - 12.4 mm Drivers, 10 Mins Charge (Black)",Original,Original,Unknown,999,3.9,107,earbuds_by_company,,,12.4,,1,0,0,0,0,0,0,0,0,0,0,"Active Noise Cancellation (45db hybrid anc) blocks out distractions | 12.4mm driver for rich, detailed sound"
B0CCYH54YV,"PHILIPS TAT1108WT/00 True Wireless Earbuds, In-Ear, Bluetooth v5.3, Earphones with Mic, 15H Playback,Shank Shape, IPX4, Button Controls, Comfortable Fit, AI Mic for Crystal Clear Sound Quality (White)",PHILIPS,Koninklijke Philips N.V.,Netherlands,1099,4.1,11099,earbuds_by_company,15.0,5.3,,,0,0,0,0,0,0,0,0,0,0,1,"IP4 water resistance — safe for workouts and rain | Latest Bluetooth v5.3 for stable, efficient connection | Well-rated at 4.1/5 stars | Trusted by 11,099+ buyers"
B0FHKHT717,"Philips TAT1269 Bluetooth Truly Wireless in Ear Earbuds with mic, 13mm Drivers, Bluetooth 5.4, 40H Playtime, IPX5, Fast Charging, Touch Controls, Voice Assistant, Mono Mode, LED Indicator (Deep Black)",Philips,Koninklijke Philips N.V.,Netherlands,999,3.9,472,earbuds_by_company,40.0,5.4,13.0,,0,0,1,1,1,0,0,0,0,0,1,"Long 40H battery life for extended listening | Fast charging — minimal downtime between uses | IP5 water resistance — safe for workouts and rain | 13mm driver for rich, detailed sound | Latest Bluetooth v5.4 for stable, efficient connection"
B0GK7LB2L2,"Philips TAT1269 Bluetooth Truly Wireless in Ear Earbuds with mic, 13mm Drivers, Bluetooth 5.4, 40H Playtime, IPX5, Fast Charging, Touch Controls, Voice Assistant, Mono Mode, LED Indicator(Cosmic Blue)",Philips,Koninklijke Philips N.V.,Netherlands,999,3.9,472,earbuds_by_company,40.0,5.4,13.0,,0,0,1,1,1,0,0,0,0,0,1,"Long 40H battery life for extended listening | Fast charging — minimal downtime between uses | IP5 water resistance — safe for workouts and rain | 13mm driver for rich, detailed sound | Latest Bluetooth v5.4 for stable, efficient connection"
B0C9V3437T,"Portronics Harmonics Z7 Bluetooth Wireless in Ear Earphones with Upto 40 Hours Playback, 10mm Dynamic Driver, Gaming Mode, High Bass, IPX4 Water and Sweat Resistant, Type C Fast Charging(Black)",Portronics,Portronics Digital Pvt Ltd,India,605,4.0,3460,earbuds_by_company,40.0,,,,0,0,0,0,1,0,1,0,0,0,1,"Long 40H battery life for extended listening | Fast charging — minimal downtime between uses | IP4 water resistance — safe for workouts and rain | Well-rated at 4.0/5 stars | Popular choice with 3,460+ reviews"
B0BJDKG3GZ,"Portronics Harmonics Z5 Wireless Bluetooth Stereo Headset with 33Hrs Playtime, Double EQ Mode, 14.2 mm Dynamic Drivers, Click Action Buttons(Black)",Portronics,Portronics Digital Pvt Ltd,India,639,4.0,2073,earbuds_by_company,33.0,,,,0,0,0,0,0,0,0,0,0,0,0,"Decent 33H playtime for daily commutes | Well-rated at 4.0/5 stars | Popular choice with 2,073+ reviews"
B0DB8SYVN7,"Portronics Harmonics Twins S18 in Ear TWS Earbuds with 30H Playtime, in Built HD Mic, Game/Music Mode, 13mm Dynamic Driver, Low Latency, Touch Control, Type C Fast Charging, Light Weight(Black)",Portronics,Portronics Digital Pvt Ltd,India,648,4.0,976,earbuds_by_company,30.0,,,,0,1,1,0,1,0,0,0,0,0,0,Decent 30H playtime for daily commutes | Fast charging — minimal downtime between uses | Well-rated at 4.0/5 stars
B0CV5NFMRX,"Portronics Harmonics Twins S13 in Ear True Wireless Earbuds with Mic, 24H Playtime, Game/Music Mode, Touch Control, 8mm Driver, Bluetooth 5.3v,IPX5 Water Resistance, Type C Fast Charging(Green)",Portronics,Portronics Digital Pvt Ltd,India,599,4.0,543,earbuds_by_company,24.0,5.3,8.0,,1,0,1,0,1,0,0,0,0,0,1,"Decent 24H playtime for daily commutes | Active Noise Cancellation for immersive listening | Fast charging — minimal downtime between uses | IP5 water resistance — safe for workouts and rain | 8mm driver for rich, detailed sound | Latest Bluetooth v5.3 for stable, efficient connection | Well-rated at 4.0/5 stars"
B0CTTS6DRN,"Portronics Harmonics Twins S16 in Ear Wireless TWS Earbuds with 24 Hrs Playtime, Clear Calls, Game & Music Mode, Low Latency, Bluetooth 5.3v, LED Display, Type C Fast Charging(Blue)",Portronics,Portronics Digital Pvt Ltd,India,699,3.9,1340,earbuds_by_company,24.0,5.3,,,0,1,0,0,1,0,0,0,0,0,0,"Decent 24H playtime for daily commutes | Fast charging — minimal downtime between uses | Latest Bluetooth v5.3 for stable, efficient connection | Popular choice with 1,340+ reviews"
B0GS5N3LPL,"PrimeeVaultt Wireless In Ear Earbuds, Bluetooth 5.1 TWS Earphones With Built-in Mic, Long Playtime, Fast Charging, Smart Touch Control, 12mm Driver (Black)",PrimeeVaultt,PrimeeVaultt,China,269,2.8,11,earbuds_by_company,,5.1,12.0,,0,0,1,0,1,0,0,0,0,0,0,"Fast charging — minimal downtime between uses | 12mm driver for rich, detailed sound"
B0D17CVCYX,"Sennheiser ACCENTUM True Wireless Earbuds, BT v5.3 Auracast & LE Audio, TrueResponse Drivers, Hybrid ANC + Transparency Mode, 28 Hr Battery, Qi & USB‑C Charging, Touch Control, 2Y Warranty, Black",Sennheiser,Sennheiser Electronic GmbH,Germany,9990,3.8,534,earbuds_by_company,28.0,5.3,,,1,1,1,0,0,0,0,0,0,0,0,"Decent 28H playtime for daily commutes | Active Noise Cancellation for immersive listening | Latest Bluetooth v5.3 for stable, efficient connection"
B0GV4P5NCM,ShreeADR Wireless Earbuds Bluetooth 5.3 TWS Earphones Full Touch Control Headphones Built-in Microphone Premium Sound Quality Ensure Fast Stable & Connection With Type C Charger,ShreeADR,ShreeADR,China,349,5.0,9,earbuds_by_company,,5.3,,,0,0,1,0,0,0,0,0,0,0,0,"Latest Bluetooth v5.3 for stable, efficient connection | Highly rated 5.0/5 by customers"
B0GPJTNH9F,"ShreeADR UrbanBeats Sport Series Wireless Bluetooth Neckband Earphones – 370H Standby, Long Battery Backup, Lightweight Wireless In-Ear Headphones with Mic, Deep Bass, Sweat-Resistant for Sports & Running (Black)",ShreeADR,ShreeADR,China,259,3.6,15,earbuds_by_company,370.0,,,,0,0,0,0,0,0,0,0,0,0,0,Exceptional 370H battery — great for all-day use
B09WRKHZ93,"Sounce Earphone Case Cover Compatible for Boat Airdopes 141, Soft Silicone Skin Case Cover Shock-Absorbing Protective Case with Keychain [Front LED Visible] Black",Sounce,Sounce,Unknown,149,4.0,1330,earbuds_by_company,,,,,0,0,0,0,0,0,0,0,0,0,0,"Well-rated at 4.0/5 stars | Popular choice with 1,330+ reviews"
B0GXNT6HDR,VARNIADR Wireless Earbuds Bluetooth 5.3 TWS Earphones Full Touch Control Headphones Built-in Microphone Premium Sound Quality Ensure Fast Stable & Connection With Type C Charger,VARNIADR,VARNIADR,China,349,5.0,3,earbuds_by_company,,5.3,,,0,0,1,0,0,0,0,0,0,0,0,"Latest Bluetooth v5.3 for stable, efficient connection | Highly rated 5.0/5 by customers"
B0GS6113PR,VarniADR Wireless Earbuds Bluetooth 5.3 TWS Earphones Full Touch Control Headphones Built-in Microphone Premium Sound Quality Ensure Fast Stable & Connection With Type C Charger,VarniADR,VarniADR,China,351,3.9,15,earbuds_by_company,,5.3,,,0,0,1,0,0,0,0,0,0,0,0,"Latest Bluetooth v5.3 for stable, efficient connection"
B0FXX3XJMZ,"WeCool Moonwalk Mini New Open Ear Earbuds Wireless with Call Noise Reduction, 60H Playtime Bluetooth 5.4 Ows Earphones with 360° Panoramic Sound, 16mm Drive Ear Safe Headphones with Mic, IP55",WeCool,WeCool Mobiles,India,1379,3.7,536,earbuds_by_company,60.0,5.4,,,0,0,0,0,0,0,0,0,0,0,1,"Exceptional 60H battery — great for all-day use | IP55 water resistance — safe for workouts and rain | Latest Bluetooth v5.4 for stable, efficient connection"
B0GPDJBXWQ,Wireless Earbuds Bluetooth 5.1 TWS Earphones Full Touch Control Headphones Built-in Microphone Immersive Sound Quality Ensure Fast Stable & Connection Smart LED Headset Sports Bud (White),Wireless,Wireless,China,279,5.0,1,earbuds_by_company,,5.1,,,0,0,1,0,0,0,0,0,0,0,0,Highly rated 5.0/5 by customers
B0GR9XZDHH,Wireless Earbuds Bluetooth 5.1 TWS Earphones Full Touch Control Headphones Built-in Microphone Immersive Sound Quality Ensure Fast Stable & Connection Smart LED Headset Sports Bud,Wireless,Wireless,China,269,5.0,1,earbuds_by_company,,5.1,,,0,0,1,0,0,0,0,0,0,0,0,Highly rated 5.0/5 by customers
B0GQ51HWNS,Wireless Earbuds Bluetooth 5.1 TWS Earphones Full Touch Control Headphones Built-in Microphone Immersive Sound Quality Ensure Fast Stable & Connection Smart LED Headset Sports Bud (White),Wireless,Wireless,China,449,4.4,13,earbuds_by_company,,5.1,,,0,0,1,0,0,0,0,0,0,0,0,Highly rated 4.4/5 by customers
B0GQZ6G53J,Wireless Earbuds Bluetooth 5.3 TWS Earphones Full Touch Control Headphones Fast Stable & Connection Smart LED Headset Sports Bud Built-in Microphone Immersive Sound Quality Ensure,Wireless,Wireless,China,299,4.0,2,earbuds_by_company,,5.3,,,0,0,1,0,0,0,0,0,0,0,0,"Latest Bluetooth v5.3 for stable, efficient connection | Well-rated at 4.0/5 stars"
B0GPDWJ6K5,Wireless Earbuds Bluetooth 5.1 TWS Earphones Full Touch Control Headphones Built-in Microphone Immersive Sound Quality Ensure Fast Stable & Connection Smart LED Headset Sports Bud (White),Wireless,Wireless,China,279,3.5,2,earbuds_by_company,,5.1,,,0,0,1,0,0,0,0,0,0,0,0,Affordable wireless earbuds with Bluetooth connectivity
B0GS9M9KX3,Wireless Earbuds Bluetooth 5.1 TWS Earphones Full Touch Control Headphones Built-in Microphone Immersive Sound Quality Ensure Fast Stable & Connection Smart LED Headset Sports Bud,Wireless,Wireless,China,279,1.0,1,earbuds_by_company,,5.1,,,0,0,1,0,0,0,0,0,0,0,0,Affordable wireless earbuds with Bluetooth connectivity
B0GSFG8G8S,Wireless Earbuds Bluetooth 5.1 TWS Earphones Full Touch Control Headphones Built-in Microphone Immersive Sound Quality Ensure Fast Stable & Connection Smart LED Headset Sports Bud (Black),Wireless,Wireless,China,279,1.0,1,earbuds_by_company,,5.1,,,0,0,1,0,0,0,0,0,0,0,0,Affordable wireless earbuds with Bluetooth connectivity
B0GW2J3KVQ,Wireless Earbuds Bluetooth 5.1 TWS Earphones Full Touch Control Headphones Built-in Microphone Immersive Sound Quality Ensure Fast Stable & Connection Smart LED Headset Sports Earbuds,Wireless,Wireless,China,299,1.0,1,earbuds_by_company,,5.1,,,0,0,1,0,0,0,0,0,0,0,0,Affordable wireless earbuds with Bluetooth connectivity
B0GSZYY6DF,Wireless Earbuds Bluetooth 5.1 TWS Earphones Full Touch Control Headphones Built-in Microphone & Connection Smart LED Headset Sports Bud,Wireless,Wireless,China,249,,0,earbuds_by_company,,5.1,,,0,0,1,0,0,0,0,0,0,0,0,Affordable wireless earbuds with Bluetooth connectivity
B0GSFCHR2K,Wireless Earbuds Bluetooth 5.3 TWS Earphones Full Touch Control Headphones Fast Stable & Connection Smart LED Headset Sports Bud Built-in Microphone Immersive Sound Quality Ensure,Wireless,Wireless,China,249,,0,earbuds_by_company,,5.3,,,0,0,1,0,0,0,0,0,0,0,0,"Latest Bluetooth v5.3 for stable, efficient connection"
B0GPKD4484,Wireless Earbuds Bluetooth 5.3 TWS Earphones Full Touch Control Headphones Fast Stable & Connection Smart LED Headset Sports Bud Built-in Microphone Immersive Sound Quality Ensure,Wireless,Wireless,China,279,,0,earbuds_by_company,,5.3,,,0,0,1,0,0,0,0,0,0,0,0,"Latest Bluetooth v5.3 for stable, efficient connection"
B09GFVB6N8,"ZEBRONICS Zeb-Evolve BTv5.0, Voice Assistant, Rapid Charge, Dual Pairing, Call Function, Magnetic Earpiece Bluetooth Wireless in Ear Earphones with Mic (Metallic Green)",ZEBRONICS,Zebronics India,India,449,3.8,2026,earbuds_by_company,,5.0,,,0,0,0,1,1,1,0,0,0,0,0,"Fast charging — minimal downtime between uses | Multipoint connection — pair with two devices simultaneously | Popular choice with 2,026+ reviews"
B09Z838S32,"ZEBRONICS Sound Bomb 7 Bluetooth TWS in Ear Earbuds with 60H Playtime, ENC Mic, Rapid Charge, Upto 50ms Gaming Mode, Flash Connect, Voice Assistant, Smooth Touch Control, BT v5.2, Type C (White)",ZEBRONICS,Zebronics India,India,799,3.8,2752,earbuds_by_company,60.0,5.2,,,0,1,1,1,1,0,1,0,0,0,0,"Exceptional 60H battery — great for all-day use | Fast charging — minimal downtime between uses | Popular choice with 2,752+ reviews"
B0G2S349C4,"boAt Airdopes Prime 512 (2026 Launch) Volume Swipe Control, 4Mics AI-ENx, 50H Battery, Multi Connect, App Support, BT v6.1, Bluetooth Earbuds, TWS Ear Buds Wireless Earphones with mic(Midnight Pebble)",boAt,Imagine Marketing Ltd,India,1599,4.3,50,earbuds_by_company,50.0,6.1,,4 mics,0,0,0,0,0,0,0,0,0,0,0,"Long 50H battery life for extended listening | 4-mic array with ENC for crystal-clear calls | Latest Bluetooth v6.1 for stable, efficient connection | Highly rated 4.3/5 by customers"
B0G2RZ9N63,"boAt 2026 Launch Nirvana Crown, SONIC ARC, LEDs, Haptic Feedback,50dB Hybrid ANC,Spatial Audio, 6 Mic ENx, App Support, v6.0 Bluetooth Earbuds, TWS Ear Buds Wireless Earphones with mic (Sapphire Blue)",boAt,Imagine Marketing Ltd,India,2799,3.9,396,earbuds_by_company,,,,6 mics,1,0,0,0,0,0,0,0,1,0,0,Active Noise Cancellation (50db hybrid anc) blocks out distractions | Spatial/3D audio for an immersive sound experience | 6-mic array with ENC for crystal-clear calls
B0DXPTTHDX,"boAt Airdopes 101v2, 35H Battery, ENx Tech, 13mm Drivers, ASAP Charge, Flex-Fit Ear Tips,Stream Ad Free Music via App Support, Bluetooth Earbuds, TWS Ear Buds Wireless Earphones with mic (Smoke White)",boAt,Imagine Marketing Ltd,India,884,3.8,826,earbuds_by_company,35.0,,13.0,,0,0,0,0,1,0,0,0,0,0,0,"Decent 35H playtime for daily commutes | Fast charging — minimal downtime between uses | 13mm driver for rich, detailed sound"
B0G48KQKKF,"boAt Airdopes Ace Gen 2 TWS Earbuds with 45H Battery, 4Mics ENx Tech, ASAP Charge, 13mm Drivers, 50 ms Low Latency, IPX5, Bluetooth Earbuds, TWS Ear Buds Wireless Earphones with mic (Shadow Black)",boAt,Imagine Marketing Ltd,India,899,3.6,118,earbuds_by_company,45.0,,13.0,4 mics,0,1,0,0,1,0,0,0,0,1,1,"Long 45H battery life for extended listening | Ultra-low 50ms latency — ideal for gaming and video | Fast charging — minimal downtime between uses | IP5 water resistance — safe for workouts and rain | 4-mic array with ENC for crystal-clear calls | 13mm driver for rich, detailed sound"
B0GQM82K4D,for OnePlus Z2 Neckband Buds Bluetooth Lightweight Comfortable (Black) NB=JHDS,for,for,Unknown,1299,,0,earbuds_by_company,,,,,0,0,0,0,0,0,0,0,0,0,0,Affordable wireless earbuds with Bluetooth connectivity
B0GN99GNR7,"noot Products NP11 Wireless Bluetooth in-Ear Headphones with Mic, Volume & Remote Control IPX7 Sweatproof Earbuds for Sports, Running, Gym (B17)",noot,noot,India,1199,,0,earbuds_by_company,,,,,0,0,0,0,0,0,0,0,0,0,1,IP7 water resistance — safe for workouts and rain
B0GPWQLL24,"pTron Bassbuds Surge TWS Gaming Earbuds, 40ms Low-Latency, 50Hrs Playtime, Custom EQ, App Support, Dual Mic TruTalk AI-ENC Clear Calls, Pristine Sound, Bluetooth V6.0, IPX5 Water Resistant (Jet Black)",pTron,pTron India,India,909,5.0,3,earbuds_by_company,50.0,6.0,,,0,1,0,0,0,0,1,0,0,0,1,"Long 50H battery life for extended listening | IP5 water resistance — safe for workouts and rain | Latest Bluetooth v6.0 for stable, efficient connection | Highly rated 5.0/5 by customers"
B0GPW7S6CN,"pTron Bassbuds Trendz Open Ear Wireless Earbuds, SafeBeats Design, HD Mics & TruTalk AI-ENC Calls, 45Hrs Playtime, App Support, 14.2mm Drivers, BT6.0 Headphones, Type C Charging & IPX5 (Pearl Black)",pTron,pTron India,India,809,5.0,12,earbuds_by_company,45.0,6.0,14.2,,0,1,0,0,0,0,0,0,0,0,1,"Long 45H battery life for extended listening | IP5 water resistance — safe for workouts and rain | 14.2mm driver for rich, detailed sound | Latest Bluetooth v6.0 for stable, efficient connection | Highly rated 5.0/5 by customers"
B0GGQQ1B8H,"pTron Bassbuds Prism in-Ear TWS Ear Buds w/ 3D AudioScape, 45Hrs Playtime, TruTalk AI-ENC Calls, 50ms Low Latency Sync, BTv5.3, Snug-fit, Type-C Charging, Voice Asst. & IPX5 Water Resistant (Julep)",pTron,pTron India,India,699,4.1,97,earbuds_by_company,45.0,5.3,,,0,1,0,0,0,0,0,0,1,1,1,"Long 45H battery life for extended listening | Ultra-low 50ms latency — ideal for gaming and video | Spatial/3D audio for an immersive sound experience | IP5 water resistance — safe for workouts and rain | Latest Bluetooth v5.3 for stable, efficient connection | Well-rated at 4.1/5 stars"
B0F62DV6PQ,"pTron Bassbuds Spark in-Ear TWS Earbuds with Stereo Sound, 40Hrs Playtime, Stereo Calls, Bluetooth V5.3 Headphones with Quick Pairing, Touch Control, Voice Assistant, Type C Charging & IPX5 (Blue)",pTron,pTron India,India,596,4.0,3783,earbuds_by_company,40.0,5.3,,,0,0,1,1,0,0,0,0,0,0,1,"Long 40H battery life for extended listening | IP5 water resistance — safe for workouts and rain | Latest Bluetooth v5.3 for stable, efficient connection | Well-rated at 4.0/5 stars | Popular choice with 3,783+ reviews"
B0D78XSMSM,"pTron Bassbuds Astra in-Ear TWS Earbuds w/Stereo Sound, 34Hrs Playtime, Stereo Calls, Custom EQ, Mobile App, BTv5.3 Headphones, Touch Control, Voice Assistant, Type C Charging & IPX4 (Black)",pTron,pTron India,India,596,4.0,1963,earbuds_by_company,34.0,5.3,,,0,0,1,1,0,0,0,0,0,0,1,"Decent 34H playtime for daily commutes | IP4 water resistance — safe for workouts and rain | Latest Bluetooth v5.3 for stable, efficient connection | Well-rated at 4.0/5 stars | Popular choice with 1,963+ reviews"
B0DTJ67BMY,"pTron Tangent Evolve w/ 50Hrs Playtime, HD Mic, Pristine Sound, 14mm Drivers, Bluetooth V5.3 w/Dual-Device Pairing Wireless Neckband, Magnetic Buds, Voice Assistant,Type-C Fast Charging & IPX4(Black)",pTron,pTron India,India,455,3.8,1390,earbuds_by_company,50.0,5.3,14.0,,0,0,0,1,1,0,0,0,0,0,1,"Long 50H battery life for extended listening | Fast charging — minimal downtime between uses | IP4 water resistance — safe for workouts and rain | 14mm driver for rich, detailed sound | Latest Bluetooth v5.3 for stable, efficient connection | Popular choice with 1,390+ reviews"
B0FWCPL8RK,"pTron Bassbuds Eon in-Ear TWS Earbuds w/ 13mm Drivers, 45Hrs Playtime, Dual HD Mic & TruTalk AI-ENC Calls, Custom EQ, Mobile App, Bluetooth v6.0 Headphones,Voice Assist., Type C Charging & IPX5 (Blue)",pTron,pTron India,India,599,3.8,626,earbuds_by_company,45.0,6.0,13.0,,0,1,0,0,0,0,0,0,0,0,1,"Long 45H battery life for extended listening | IP5 water resistance — safe for workouts and rain | 13mm driver for rich, detailed sound | Latest Bluetooth v6.0 for stable, efficient connection"
B0G261Z2XB,"pTron Bassbuds Indie In-Ear TWS Earbuds w/ 10mm Drivers, 45Hrs Playtime, Dual HD Mic & AI-ENC Calls, Custom EQ, Mobile App, Bluetooth V5.4 Earphones, Voice Assistant, Type C Charging & IPX5(Jet Black)",pTron,pTron India,India,599,3.7,392,earbuds_by_company,45.0,5.4,10.0,,0,1,0,1,0,0,0,0,0,0,1,"Long 45H battery life for extended listening | IP5 water resistance — safe for workouts and rain | 10mm driver for rich, detailed sound | Latest Bluetooth v5.4 for stable, efficient connection"
B0FZC8CKPG,"pTron Tangent Rush w/ 50Hrs Playtime, Pristine Sound, Dual-Device Pairing, Bluetooth 5.4 Wireless in-Ear Earphones with Mic, Voice Assistant, Type-C Fast Charging & IPX5 Water Resistant (Forest Green)",pTron,pTron India,India,497,3.6,947,earbuds_by_company,50.0,5.4,,,0,0,0,1,1,0,0,0,0,0,1,"Long 50H battery life for extended listening | Fast charging — minimal downtime between uses | IP5 water resistance — safe for workouts and rain | Latest Bluetooth v5.4 for stable, efficient connection"
B0FHF8NRQD,"pTron Tangentbeat V2 w/ 50Hrs Playtime, Pristine Sound, Dual-Device Pairing, Bluetooth 5.4 Wireless In-Ear Earphones with Mic, Hall Switch Feature, Magnetic Earbuds, Type-C Fast Charging & IPX5(Black)",pTron,pTron India,India,599,3.5,565,earbuds_by_company,50.0,5.4,,,0,0,0,0,1,0,0,0,0,0,1,"Long 50H battery life for extended listening | Fast charging — minimal downtime between uses | IP5 water resistance — safe for workouts and rain | Latest Bluetooth v5.4 for stable, efficient connection"
B0F5GV3Y87,"realme Earbuds Air 7 True Wireless,12.4mm Dynamic Bass Drivers,52Hrs Playtime,52dB Hybrid ANC,6 Mic ENC,45ms Low Latency,360° Spatial Audio,Hi-Res LHDC,IP55 Dust & Water Resistant,BT v5.4(SlateGrey)",realme,BBK Electronics,China,3299,4.3,3407,earbuds_by_company,52.0,5.4,,6 mics,1,1,0,0,0,0,0,1,1,1,1,"Long 52H battery life for extended listening | Active Noise Cancellation (52db hybrid anc) blocks out distractions | Ultra-low 45ms latency — ideal for gaming and video | Spatial/3D audio for an immersive sound experience | Hi-Res audio (LDAC/LHDC) for studio-quality sound | IP55 water resistance — safe for workouts and rain | 6-mic array with ENC for crystal-clear calls | Latest Bluetooth v5.4 for stable, efficient connection | Highly rated 4.3/5 by customers | Popular choice with 3,407+ reviews"
B0DVC6MP1D,"realme Buds Wireless 3 Neo in Ear Bluetooth Neckband with 13.4 Mm Dynamic Bass Boost Driver,Upto 32 Hours Playback,Fast Charge,Ai Enc,45Ms Low Latency,Ip55 Dust&Water Resistannt&Bluetooth V 5.4 Black",realme,BBK Electronics,China,1099,4.2,2965,earbuds_by_company,32.0,,,,0,1,0,0,1,0,0,0,0,1,1,"Decent 32H playtime for daily commutes | Ultra-low 45ms latency — ideal for gaming and video | Fast charging — minimal downtime between uses | IP55 water resistance — safe for workouts and rain | Highly rated 4.2/5 by customers | Popular choice with 2,965+ reviews"
B0GDQ7Y8Q5,"realme Buds Air 8,11mm+6mm Dual Dynamic Bass Drivers,58 Hrs Playtime, 55dB ANC,6 Mic ENC, 45ms Low Latency, 360° Spatial Audio, Hi-Res LHDC, IP55 Dust & Water Resistant, BT v5.4 (Master Purple)",realme,BBK Electronics,China,3799,4.2,511,earbuds_by_company,58.0,5.4,,6 mics,1,1,0,0,0,0,0,1,1,1,1,"Long 58H battery life for extended listening | Active Noise Cancellation (55db anc) blocks out distractions | Ultra-low 45ms latency — ideal for gaming and video | Spatial/3D audio for an immersive sound experience | Hi-Res audio (LDAC/LHDC) for studio-quality sound | IP55 water resistance — safe for workouts and rain | 6-mic array with ENC for crystal-clear calls | Latest Bluetooth v5.4 for stable, efficient connection | Highly rated 4.2/5 by customers"
B0DBGNY4XP,"realme Buds T310 True Wireless in-Ear Earbuds with 46dB Hybrid ANC, 360° Spatial Audio, 12.4mm Dynamic Bass Driver, Upto 40Hrs Battery and Fast Charging (Monet Purple)",realme,BBK Electronics,China,1899,4.2,7910,earbuds_by_company,40.0,,,,1,0,0,0,1,0,0,0,1,0,0,"Long 40H battery life for extended listening | Active Noise Cancellation (46db hybrid anc) blocks out distractions | Fast charging — minimal downtime between uses | Spatial/3D audio for an immersive sound experience | Highly rated 4.2/5 by customers | Popular choice with 7,910+ reviews"
B0DNPWJLQC,"realme Buds Wireless 5 ANC in Ear Bluetooth Headphones,50dB ANC, 13.6mm Dynamic Bass Driver,360° Spatial Audio,45ms Low Latency,Upto 38hrs Playback,IP55 Rating,Dual Device Connection (Midnight Black)",realme,BBK Electronics,China,1599,4.1,91961,earbuds_by_company,38.0,,,,1,1,0,0,0,1,0,0,1,1,1,"Decent 38H playtime for daily commutes | Active Noise Cancellation (50db anc) blocks out distractions | Ultra-low 45ms latency — ideal for gaming and video | Spatial/3D audio for an immersive sound experience | IP55 water resistance — safe for workouts and rain | Multipoint connection — pair with two devices simultaneously | Well-rated at 4.1/5 stars | Trusted by 91,961+ buyers"
B0DCVLM12X,"soundcore by Anker R50i VI True Wireless Earbuds, 10mm Drivers with Big Bass, Bluetooth 5.3, 30H Long Playtime, Water-Resistant, 2 Mics for AI Clear Calls, 22 Preset EQs, Customization (White)",soundcore,Anker Innovations,USA,949,4.0,279,earbuds_by_company,30.0,5.3,10.0,2 mics,0,0,0,0,0,0,0,0,0,0,0,"Decent 30H playtime for daily commutes | Built-in 2 mics for hands-free calling | 10mm driver for rich, detailed sound | Latest Bluetooth v5.3 for stable, efficient connection | Well-rated at 4.0/5 stars"
B0FKBWTWZ8,"truke New Launch [2025] Mega 7 True Wireless in-Ear Earbuds w/ 24-Bit 360 Spatial Audio, 60H Playtime & Fast Charging Buds, Dual Pairing, 40ms Low Latency TWS, 4-Mic ENC, Made in India-(Coffee Brown)",truke,Truke Tech Pvt Ltd,India,999,4.2,431,earbuds_by_company,60.0,,,,0,1,0,0,1,1,0,0,1,1,0,Exceptional 60H battery — great for all-day use | Ultra-low 40ms latency — ideal for gaming and video | Fast charging — minimal downtime between uses | Spatial/3D audio for an immersive sound experience | Multipoint connection — pair with two devices simultaneously | Highly rated 4.2/5 by customers
B0DVLHZXF9,"truke New Launch Buds Aura True Wireless in Ear Earbuds with 70Hrs of Playtime and Fast Charging Ear Buds, 13mm Titanium Drivers, Quad-MIC ENC TWS, 40ms Low Latency Gaming Buds, BT 5.4 (CarbonBlack)",truke,Truke Tech Pvt Ltd,India,699,4.1,146,earbuds_by_company,70.0,5.4,,,0,1,0,0,1,0,1,0,0,1,0,"Exceptional 70H battery — great for all-day use | Ultra-low 40ms latency — ideal for gaming and video | Fast charging — minimal downtime between uses | Latest Bluetooth v5.4 for stable, efficient connection | Well-rated at 4.1/5 stars"
B0F9T79LW6,"truke Newly Launched Buds Infinity Open Ear Wireless Earbuds with 70Hours of Playtime, 16mm Titanium Speaker, Quad Mic PureVoice™ ENC for Clear Calls, Dual Pairing, Fast Charging OWS - Royal Blue",truke,Truke Tech Pvt Ltd,India,1599,3.9,646,earbuds_by_company,70.0,,,,0,1,0,0,1,1,0,0,0,0,0,Exceptional 70H battery — great for all-day use | Fast charging — minimal downtime between uses | Multipoint connection — pair with two devices simultaneously
B0DVL9D7JD,"truke New Launch Buds Elite True Wireless in Ear Earbuds with 10mm Dynamic Driver, 70Hrs Battery & Fast Charging EarBuds, Dual-MIC ENC TWS, 40ms Low Latency Gaming Buds, Volume Control, BT 5.4 (Black)",truke,Truke Tech Pvt Ltd,India,699,3.9,1289,earbuds_by_company,70.0,5.4,,,0,1,0,0,1,0,1,0,0,1,0,"Exceptional 70H battery — great for all-day use | Ultra-low 40ms latency — ideal for gaming and video | Fast charging — minimal downtime between uses | Latest Bluetooth v5.4 for stable, efficient connection | Popular choice with 1,289+ reviews"
B0D5R4L2XD,"truke Newly Launched Buds Liberty Open Ear Wireless Earbuds with 360Spatial™ Audio Experience, 16mm Beryllium Speaker, 60H Playtime, Quad Mic for Crystal-Clear Calls, Fast Charging, BT5.4",truke,Truke Tech Pvt Ltd,India,1799,3.8,2044,earbuds_by_company,60.0,5.4,,,0,1,0,0,1,0,0,0,0,0,0,"Exceptional 60H battery — great for all-day use | Fast charging — minimal downtime between uses | Latest Bluetooth v5.4 for stable, efficient connection | Popular choice with 2,044+ reviews"
B0GK269LVR,"truke TruClips Wireless Open Ear Buds with 55H Battery, 12mm Custom Drivers, Spatial Audio, Premium Leather Dual Form Design, Low Latency, Quad Mic ENC, Ambient Awareness, IPX5 - OnyxBlue",truke,Truke Tech Pvt Ltd,India,1999,3.5,128,earbuds_by_company,55.0,,,,0,1,0,0,0,0,0,0,1,0,1,Long 55H battery life for extended listening | Spatial/3D audio for an immersive sound experience | IP5 water resistance — safe for workouts and rain
