id,product_name,brand,price_inr,rating,review_count,category,source,link,merchant,battery_life_hrs,active_noise_cancellation,driver_size_mm,bluetooth_version,mic_count,ipx_rating,has_noise_cancellation,enhanced_at,ipx_level,has_usb_c,has_premium_codec,has_touch_control,has_voice_assistant,has_fast_charge,has_dual_pairing,anc_db,latency_ms,country_of_origin,charging_time_hrs,range_m,eq_modes,has_enc,has_gaming_mode,has_hi_res_audio,has_spatial_audio,has_low_latency,has_ipx,asin,parent_company,why_buy
1.0,"Boat Nirvana Ion, 120HRS Battery, Crystal Bionic Sound w/Dual EQ Modes, 4Mics ENx, App Support, Low Latency, IPX4, v.5.2 Bluetooth Earbuds, TWS Ear Buds Wireless Earphones with mic (Charcoal Black)",Boat,1599.0,4.1,13140.0,true wireless earbuds,enhanced_scrape,https://www.amazon.in/sspa/click?ie=UTF8&spc=MTo4MDM5MDkxODI1MDI1ODMwOjE3NzY5MTk0ODc6c3BfYXRmOjMwMDA2NDIwMzI3NjczMjo6MDo6&url=%2FboAt-Nirvana-Technology-Detection-Bluetooth%2Fdp%2FB0BW8TXJJ2%2Fref%3Dsr_1_1_sspa%3Fdib%3DeyJ2IjoiMSJ9.xWtvjmHNzFIjPnCtqXQpBq0UxRsgPU2XpvgJips6Y0kqldyiVj1gJ0wfIdIHhp4nFRXxxixsOIrZKZV7I5gAy39Nu59ZVdqVWUzFrN0BF3MR4AzOp4PpCIZR_0geY85-b4Nr2a4fUopYwq0T2UFYsNNWu5gHsyefeOebFbHQrjBMqVZQlH_GEqKUqGg8VdGyK3S0BspF2IrHtpYQ0DN1j4_ru95OS_uQgKOTZHqsHRY.QiVk3297qkjoR2m_IWrOFpJrueOOGQ006IR9Aa26lzA%26dib_tag%3Dse%26keywords%3Dwireless%2Bbluetooth%2Bearphones%26qid%3D1776919486%26sr%3D8-1-spons%26aref%3DpP7qowSQ6t%26sp_csd%3Dd2lkZ2V0TmFtZT1zcF9hdGY%26psc%3D1&aref=pP7qowSQ6t&sp_cr=ZAZ,,120.0,,,,4.0,IPX4,0.0,2026-04-23T12:23:58.203527,4.0,0.0,0.0,0.0,0.0,0.0,0.0,,,India,,,,1,0,0,0,0,,B0BW8TXJJ2,Imagine Marketing Ltd,"Exceptional 120H battery — great for all-day use | IP4 water resistance — safe for workouts and rain | 4-mic array with ENC for crystal-clear calls | Well-rated at 4.1/5 stars | Trusted by 13,140+ buyers"
2.0,"Boat Airdopes 219, 4Mics ENx, 40H Battery, Best in Segment for Calling, Stream Ad Free Music via App Support, Bluetooth Earbuds, TWS Ear Buds Wireless Earphones with mic (Forest Sage)",Boat,1099.0,3.9,4363.0,true wireless earbuds,enhanced_scrape,https://www.amazon.in/sspa/click?ie=UTF8&spc=MTo4MDM5MDkxODI1MDI1ODMwOjE3NzY5MTk0ODc6c3BfYXRmOjMwMDY0NzMxNjA5NjAzMjo6MDo6&url=%2FboAt-Airdopes-Bluetooth-Wireless-Earphones%2Fdp%2FB0FC2YFSN4%2Fref%3Dsr_1_2_sspa%3Fdib%3DeyJ2IjoiMSJ9.xWtvjmHNzFIjPnCtqXQpBq0UxRsgPU2XpvgJips6Y0kqldyiVj1gJ0wfIdIHhp4nFRXxxixsOIrZKZV7I5gAy39Nu59ZVdqVWUzFrN0BF3MR4AzOp4PpCIZR_0geY85-b4Nr2a4fUopYwq0T2UFYsNNWu5gHsyefeOebFbHQrjBMqVZQlH_GEqKUqGg8VdGyK3S0BspF2IrHtpYQ0DN1j4_ru95OS_uQgKOTZHqsHRY.QiVk3297qkjoR2m_IWrOFpJrueOOGQ006IR9Aa26lzA%26dib_tag%3Dse%26keywords%3Dwireless%2Bbluetooth%2Bearphones%26qid%3D1776919486%26sr%3D8-2-spons%26aref%3DIzBZ6NyydZ%26sp_csd%3Dd2lkZ2V0TmFtZT1zcF9hdGY%26psc%3D1&aref=IzBZ6NyydZ&sp_cr=ZAZ,,40.0,,,,4.0,,0.0,2026-04-23T12:23:58.203527,,0.0,0.0,0.0,0.0,0.0,0.0,,,India,,,,0,0,0,0,0,,B0FC2YFSN4,Imagine Marketing Ltd,"Long 40H battery life for extended listening | 4-mic array with ENC for crystal-clear calls | Popular choice with 4,363+ reviews"
3.0,Amazon Basics Pro Series Wireless Noise Cancelling ANC Over Ear Headphone | Bluetooth Headset | USB Charging | 10 m Paring Distance | 74 Hours Battery,Amazon Basics Pro Series Wireless Noise Cancelling ANC Over Ear Headphone,1859.0,,,over-ear headphone,enhanced_scrape,,Amazon.in,74.0,,,,,,1.0,2026-04-23T12:23:58.203527,,0.0,0.0,0.0,0.0,0.0,0.0,,,,,,,0,0,0,0,0,,,,
4.0,OnePlus Nord Buds 3r,OnePlus Nord Buds,799.0,4.6,240.0,true wireless earbuds,enhanced_scrape,,Amazon.in,,,,,,,0.0,2026-04-23T12:23:58.203527,,0.0,0.0,0.0,0.0,0.0,0.0,,,,,,,0,0,0,0,0,,,,
5.0,"Amazon Basics Pro Series ANC Over Ear Wireless Headphones, ANC (Up to 33 dB), Bluetooth 5.3, 28 Hr Playtime, 40mm Drivers, Comfort Fit with USB-C Fast",Amazon Basics Pro Series ANC Over Ear Wireless Headphones,1609.0,,,over-ear headphone,enhanced_scrape,,Amazon.in,28.0,,40.0,5.3,,,1.0,2026-04-23T12:23:58.203527,,1.0,0.0,0.0,0.0,0.0,0.0,,,,,,,0,0,0,0,0,,,,
6.0,iQOO TWS 1e In-Ear Earbuds,iQOO TWS,1899.0,,,true wireless earbuds,enhanced_scrape,,Amazon.in,,,,,,,0.0,2026-04-23T12:23:58.203527,,0.0,0.0,0.0,0.0,0.0,0.0,,,,,,,0,0,0,0,0,,,,
7.0,Amazon Basics Pro Series Wireless Noise Cancelling ANC Over Ear Headphone | Bluetooth Headset,Amazon Basics Pro Series Wireless Noise Cancelling ANC Over Ear Headphone,1999.0,,,over-ear headphone,enhanced_scrape,,addmecart,,,,,,,1.0,2026-04-23T12:23:58.203527,,0.0,0.0,0.0,0.0,0.0,0.0,,,,,,,0,0,0,0,0,,,,
8.0,boAt Airdopes 219 Wireless Earbuds,boAt Airdopes,1099.0,4.5,45.0,true wireless earbuds,enhanced_scrape,,Amazon.in,,,,,,,0.0,2026-04-23T12:23:58.203527,,0.0,0.0,0.0,0.0,0.0,0.0,,,,,,,0,0,0,0,0,,,,
9.0,Portronics Muffs M5 Over Ear Hybrid ANC Bluetooth Headphone,Portronics Muffs M,2249.0,,,over-ear headphone,enhanced_scrape,,Amazon.in,,,,,,,1.0,2026-04-23T12:23:58.203527,,0.0,0.0,0.0,0.0,0.0,0.0,,,,,,,0,0,0,0,0,,,,
10.0,boAt Rockerz 512 ANC 40dB Hybrid ANC 80H Battery,boAt Rockerz,2799.0,4.2,28.0,over-ear headphone,enhanced_scrape,,boAt,80.0,,,,,,1.0,2026-04-23T12:23:58.203527,,0.0,0.0,0.0,0.0,0.0,0.0,40.0,,,,,,0,0,0,0,0,,,,
11.0,HAmmer Splendor in Ear Bluetooth Neckband,HAmmer Splendor in Ear Bluetooth Neckband,379.0,3.5,34.0,neckband,enhanced_scrape,,Amazon.in,,,,,,,0.0,2026-04-23T12:23:58.203527,,0.0,0.0,0.0,0.0,0.0,0.0,,,,,,,0,0,0,0,0,,,,
12.0,Noise Airwave Max XR ANC Headphones,Noise Airwave Max XR ANC Headphones,2999.0,4.9,38.0,over-ear headphone,enhanced_scrape,,Amazon.in,,,,,,,1.0,2026-04-23T12:23:58.203527,,0.0,0.0,0.0,0.0,0.0,0.0,,,,,,,0,0,0,0,0,,,,
13.0,Sony WH-XB900N Wireless Noise Cancelling Headphones,Sony WH,18900.0,4.6,1400.0,over-ear headphone,enhanced_scrape,,Unboxify,,,,,,,1.0,2026-04-23T12:23:58.203527,,0.0,0.0,0.0,0.0,0.0,0.0,,,,,,,0,0,0,0,0,,,,
14.0,Noise Buds VS601 Truly Wireless Earbuds,Noise Buds VS,1399.0,4.8,7.0,true wireless earbuds,enhanced_scrape,,amazon.in,,,,,,,0.0,2026-04-23T12:23:58.203527,,0.0,0.0,0.0,0.0,0.0,0.0,,,,,,,0,0,0,0,0,,,,
15.0,Zebronics Duke Plus Wireless Headphone,Zebronics Duke Plus Wireless Headphone,1499.0,5.0,1.0,over-ear headphone,enhanced_scrape,,amazon.in,,,,,,,0.0,2026-04-23T12:23:58.203527,,0.0,0.0,0.0,0.0,0.0,0.0,,,,,,,0,0,0,0,0,,,,
16.0,Realme Buds Wireless 3 Neo Neckband,Realme Buds Wireless,999.0,4.5,1400.0,neckband,enhanced_scrape,,Amazon.in,,,,,,,0.0,2026-04-23T12:23:58.203527,,0.0,0.0,0.0,0.0,0.0,0.0,,,,,,,0,0,0,0,0,,,,
17.0,JBL Tune 770NC Wireless Noise Cancelling Over-Ear Headphones,JBL Tune,3599.0,4.5,7700.0,over-ear headphone,enhanced_scrape,,addmecart,,,,,,,1.0,2026-04-23T12:23:58.203527,,0.0,0.0,0.0,0.0,0.0,0.0,,,,,,,0,0,0,0,0,,,,
18.0,pTron Bassbuds Eon in-Ear TWS Earbuds,pTron Bassbuds Eon in,599.0,,,true wireless earbuds,enhanced_scrape,,Amazon.in,,,,,,,0.0,2026-04-23T12:23:58.203527,,0.0,0.0,0.0,0.0,0.0,0.0,,,,,,,0,0,0,0,0,,,,
19.0,boAt Rockerz 551 ANC Pro Bluetooth v5.4 Over Ear,boAt Rockerz,3799.0,4.1,9.0,over-ear headphone,enhanced_scrape,,Amazon.in,,,,5.4,,,1.0,2026-04-23T12:23:58.203527,,0.0,0.0,0.0,0.0,0.0,0.0,,,,,,,0,0,0,0,0,,,,
20.0,OnePlus Bullets Z2 Bluetooth Wireless in Ear Earphones with Mic,OnePlus Bullets Z,599.0,4.3,5800.0,neckband,enhanced_scrape,,amazon.in,,,,,,,0.0,2026-04-23T12:23:58.203527,,0.0,0.0,0.0,0.0,0.0,0.0,,,,,,,0,0,0,0,0,,,,
21.0,Skullcandy Hesh ANC Wireless Over-Ear Bluetooth Headphones Active Noise Cancelling,Skullcandy Hesh ANC Wireless Over,3799.0,4.4,3900.0,over-ear headphone,enhanced_scrape,,Unboxify,,,,,,,1.0,2026-04-23T12:23:58.203527,,0.0,0.0,0.0,0.0,0.0,0.0,,,,,,,0,0,0,0,0,,,,
22.0,"amazon basics True Wireless in-Ear Earbuds with Mic, Low-Latency Gaming Mode, Touch Control, IPX5 Water-Resistance, Bluetooth 5.3, Up to 60 Hours Play",amazon basics True Wireless in,499.0,,,true wireless earbuds,enhanced_scrape,,Banjara Electronics,60.0,,,5.3,,IPX5,1.0,2026-04-23T12:23:58.203527,5.0,0.0,0.0,1.0,0.0,0.0,0.0,,,,,,,0,0,0,0,0,,,,
23.0,GOBOult Q Over Ear Bluetooth Headphones,GOBOult Q Over Ear Bluetooth Headphones,1799.0,4.7,70.0,over-ear headphone,enhanced_scrape,,Amazon.in,,,,,,,0.0,2026-04-23T12:23:58.203527,,0.0,0.0,0.0,0.0,0.0,0.0,,,,,,,0,0,0,0,0,,,,
24.0,realme Buds T200 Lite Bluetooth in Ear Earbuds,realme Buds T,1199.0,4.8,1100.0,true wireless earbuds,enhanced_scrape,,Amazon.in,,,,,,,0.0,2026-04-23T12:23:58.203527,,0.0,0.0,0.0,0.0,0.0,0.0,,,,,,,0,0,0,0,0,,,,
25.0,Airwave Max 4 Wireless Headphone,Airwave Max,1699.0,4.4,243.0,over-ear headphone,enhanced_scrape,,Zepto,,,,,,,0.0,2026-04-23T12:23:58.203527,,0.0,0.0,0.0,0.0,0.0,0.0,,,,,,,0,0,0,0,0,,,,
26.0,OnePlus Bullets Z2 ANC Wireless Bluetooth Neckband with Mic,OnePlus Bullets Z,999.0,4.2,1800.0,neckband,enhanced_scrape,,amazon.in,,,,,,,1.0,2026-04-23T12:23:58.203527,,0.0,0.0,0.0,0.0,0.0,0.0,,,,,,,0,0,0,0,0,,,,
27.0,GOBOult Soniq Over Ear Bluetooth Headphones,GOBOult Soniq Over Ear Bluetooth Headphones,1999.0,,,over-ear headphone,enhanced_scrape,,Amazon.in,,,,,,,0.0,2026-04-23T12:23:58.203527,,0.0,0.0,0.0,0.0,0.0,0.0,,,,,,,0,0,0,0,0,,,,
28.0,Boult Audio Z60 True Wireless In Ear Earbuds,Boult Audio Z,899.0,4.3,126.0,true wireless earbuds,enhanced_scrape,,Amazon.in,,,,,,,0.0,2026-04-23T12:23:58.203527,,0.0,0.0,0.0,0.0,0.0,0.0,,,,,,,0,0,0,0,0,,,,
29.0,Amazon basics Over Ear Headphones,Amazon basics Over Ear Headphones,1099.0,,,over-ear headphone,enhanced_scrape,,Shopy Vision,,,,,,,0.0,2026-04-23T12:23:58.203527,,0.0,0.0,0.0,0.0,0.0,0.0,,,,,,,0,0,0,0,0,,,,
30.0,PTron Studio Evo 70hrs Playtime Wireless Over Ear Headphones,PTron Studio Evo,798.0,,,over-ear headphone,enhanced_scrape,,Amazon.in,70.0,,,,,,0.0,2026-04-23T12:23:58.203527,,0.0,0.0,0.0,0.0,0.0,0.0,,,,,,,0,0,0,0,0,,,,
31.0,Kratos N1 Neckband Bluetooth Headphones,Kratos N,398.0,,,neckband,enhanced_scrape,,Amazon.in,,,,,,,0.0,2026-04-23T12:23:58.203527,,0.0,0.0,0.0,0.0,0.0,0.0,,,,,,,0,0,0,0,0,,,,
32.0,Marshall Monitor III Active Noise Cancelling Over-Ear Bluetooth Headphones,Marshall Monitor III Active Noise Cancelling Over,29999.0,4.8,607.0,over-ear headphone,enhanced_scrape,,Vijay Sales,,,,,,,1.0,2026-04-23T12:23:58.203527,,0.0,0.0,0.0,0.0,0.0,0.0,,,,,,,0,0,0,0,0,,,,
33.0,Noise Buds VS104 Truly Wireless Earbuds,Noise Buds VS,899.0,4.6,945.0,true wireless earbuds,enhanced_scrape,,Amazon.in,,,,,,,0.0,2026-04-23T12:23:58.203527,,0.0,0.0,0.0,0.0,0.0,0.0,,,,,,,0,0,0,0,0,,,,
34.0,Noise Airwave Max 3 Wireless Headphone,Noise Airwave Max,1699.0,4.3,86.0,over-ear headphone,enhanced_scrape,,Amazon.in,,,,,,,0.0,2026-04-23T12:23:58.203527,,0.0,0.0,0.0,0.0,0.0,0.0,,,,,,,0,0,0,0,0,,,,
35.0,Realme Buds Wireless 3 Neckband,Realme Buds Wireless,499.0,4.5,1900.0,neckband,enhanced_scrape,,amazon.in,,,,,,,0.0,2026-04-23T12:23:58.203527,,0.0,0.0,0.0,0.0,0.0,0.0,,,,,,,0,0,0,0,0,,,,
36.0,boAt Rockerz Plus 550 Wireless Headphones,boAt Rockerz Plus,1899.0,4.4,8.0,over-ear headphone,enhanced_scrape,,boAt,,,,,,,0.0,2026-04-23T12:23:58.203527,,0.0,0.0,0.0,0.0,0.0,0.0,,,,,,,0,0,0,0,0,,,,
37.0,Boult Audio AirBass Y1 TWS Earbuds,Boult Audio AirBass Y,699.0,4.1,809.0,true wireless earbuds,enhanced_scrape,,Amazon.in,,,,,,,0.0,2026-04-23T12:23:58.203527,,0.0,0.0,0.0,0.0,0.0,0.0,,,,,,,0,0,0,0,0,,,,
38.0,Edifier W820NB Plus Wireless Noise Cancellation Over-Ear Headphones,Edifier W,8490.0,4.8,7600.0,over-ear headphone,enhanced_scrape,,Amazon.in,,,,,,,1.0,2026-04-23T12:23:58.203527,,0.0,0.0,0.0,0.0,0.0,0.0,,,,,,,0,0,0,0,0,,,,
39.0,"Amazon Basics in-Ear Bluetooth 5.0 Neckband with Up to 30 Hours Playtime, with Mic, Magnetic Earbuds, Voice Assistant, Dual Pairing and IPX6 Rated",Amazon Basics in,584.0,,,neckband,enhanced_scrape,,Banjara Electronics,30.0,,,5.0,,IPX6,0.0,2026-04-23T12:23:58.203527,6.0,0.0,0.0,0.0,1.0,0.0,0.0,,,,,,,0,0,0,0,0,,,,
40.0,GOBOult Anchor Bluetooth Wireless Over Ear Headphones,GOBOult Anchor Bluetooth Wireless Over Ear Headphones,2499.0,4.3,3.0,over-ear headphone,enhanced_scrape,,Myntra,,,,,,,1.0,2026-04-23T12:23:58.203527,,0.0,0.0,0.0,0.0,0.0,0.0,,,,,,,0,0,0,0,0,,,,
41.0,Kratos Cube Wireless Ear Buds,Kratos Cube Wireless Ear Buds,499.0,,,true wireless earbuds,enhanced_scrape,,Amazon.in,,,,,,,0.0,2026-04-23T12:23:58.203527,,0.0,0.0,0.0,0.0,0.0,0.0,,,,,,,0,0,0,0,0,,,,
42.0,LifeCon Wireless Bluetooth Headphones,LifeCon Wireless Bluetooth Headphones,10887.0,4.2,12.0,over-ear headphone,enhanced_scrape,,amazon.in,,,,,,,0.0,2026-04-23T12:23:58.203527,,0.0,0.0,0.0,0.0,0.0,0.0,,,,,,,0,0,0,0,0,,,,
43.0,Realme Buds T200x TWS Earbuds,Realme Buds T,1399.0,4.3,324.0,true wireless earbuds,enhanced_scrape,,Amazon.in,,,,,,,0.0,2026-04-23T12:23:58.203527,,0.0,0.0,0.0,0.0,0.0,0.0,,,,,,,0,0,0,0,0,,,,
44.0,Portronics Muffs M3 Over-Ear Headphones,Portronics Muffs M,1605.0,4.7,3.0,over-ear headphone,enhanced_scrape,,JioMart Marketplace,,,,,,,0.0,2026-04-23T12:23:58.203527,,0.0,0.0,0.0,0.0,0.0,0.0,,,,,,,0,0,0,0,0,,,,
45.0,Portronics Twins S18 Pro TWS Earbuds,Portronics Twins S,699.0,,,true wireless earbuds,enhanced_scrape,,Amazon.in,,,,,,,0.0,2026-04-23T12:23:58.203527,,0.0,0.0,0.0,0.0,0.0,0.0,,,,,,,0,0,0,0,0,,,,
46.0,JLab JBuds LUX ANC Active Noise Cancelling,JLab JBuds LUX ANC Active Noise Cancelling,5999.0,4.6,5800.0,over-ear headphone,enhanced_scrape,,Amazon.in,,,,,,,1.0,2026-04-23T12:23:58.203527,,0.0,0.0,0.0,0.0,0.0,0.0,,,,,,,0,0,0,0,0,,,,
47.0,,Realme,2854.0,3.8,306601.0,true wireless earbuds,enhanced_scrape,,,35.0,0.0,14.2,5.2,,,,2026-04-23T12:23:58.203527,,,,,,,,,,,,,,0,0,0,0,0,,,,
,"Fire-Boltt Aero TWS Earbuds, Custom EQ Profiles, 50H Ba...",Fire-Boltt,799.0,3.9,0.0,true wireless earbuds,enhanced_scrape,,,50.0,,,,,,0.0,2026-04-23T12:23:58.203527,,0.0,0.0,0.0,0.0,0.0,0.0,,,,,,,0,0,0,0,0,,,,
,Aroma NB121 Pods Upto 40 Hours Playtime* Type C Fast Ch...,Aroma,259.0,3.5,0.0,unknown,enhanced_scrape,,,40.0,,,,,,0.0,2026-04-23T12:23:58.203527,,0.0,0.0,0.0,0.0,0.0,0.0,,,,,,,0,0,0,0,0,,,,
,Aroma NB119 Pro Belief Upto 48H Playtime* Fast Charging...,Aroma,239.0,3.6,0.0,unknown,enhanced_scrape,,,48.0,,,,,,0.0,2026-04-23T12:23:58.203527,,0.0,0.0,0.0,0.0,0.0,0.0,,,,,,,0,0,0,0,0,,,,
,FRONY AE-1017 P47 Headset Super Extra Bass Bluetooth He...,FRONY,297.0,3.1,0.0,over-ear headphone,enhanced_scrape,,,47.0,,,,,,0.0,2026-04-23T12:23:58.203527,,0.0,0.0,0.0,0.0,0.0,0.0,,,,,,,0,0,0,0,0,,,,
,TECHIO BS ultrapood Bluetooth,TECHIO,251.0,3.5,0.0,unknown,enhanced_scrape,,,,,,,,,0.0,2026-04-23T12:23:58.203527,,0.0,0.0,0.0,0.0,0.0,0.0,,,,,,,0,0,0,0,0,,,,
,"shopbucket Wireless Bluetooth 5.3 Neckband, 40H Playtim...",shopbucket,365.0,5.0,0.0,neckband,enhanced_scrape,,,40.0,,,5.3,,,0.0,2026-04-23T12:23:58.203527,,0.0,0.0,0.0,0.0,0.0,0.0,,,,,,,0,0,0,0,0,,,,
,TECHIO Black Earbuds | True Wireless Stereo | Noise Can...,TECHIO,265.0,3.6,0.0,true wireless earbuds,enhanced_scrape,,,,,,,,,0.0,2026-04-23T12:23:58.203527,,0.0,0.0,0.0,0.0,0.0,0.0,,,,,,,0,0,0,0,0,,,,
,"TWS Foldable Hi-Fi Headphones with Mic & SD Card, Stron...",TWS,412.0,4.0,0.0,true wireless earbuds,enhanced_scrape,,,,,,,,,0.0,2026-04-23T12:23:58.203527,,0.0,0.0,0.0,0.0,0.0,0.0,,,,,,,0,0,0,0,0,,,,
,FITRIC Upgraded Latest Wireless Stylish Neckband With D...,FITRIC,282.0,3.8,0.0,neckband,enhanced_scrape,,,,,,,,,0.0,2026-04-23T12:23:58.203527,,0.0,0.0,0.0,0.0,0.0,0.0,,,,,,,0,0,0,0,0,,,,
,GREE MATT 3 Days Backup Powerfull Bluetooth,GREE,418.0,4.0,0.0,unknown,enhanced_scrape,,,,,,,,,0.0,2026-04-23T12:23:58.203527,,0.0,0.0,0.0,0.0,0.0,0.0,,,,,,,0,0,0,0,0,,,,
,"Aroma NB119 Titanium Upto 48Hr Playtime*, Fast Charging...",Aroma,289.0,4.0,0.0,unknown,enhanced_scrape,,,48.0,,,,,,0.0,2026-04-23T12:23:58.203527,,0.0,0.0,0.0,0.0,0.0,0.0,,,,,,,0,0,0,0,0,,,,
,Aroma NB119B Badshah - 40 Hours Playtime Neckband Bluet...,Aroma,229.0,3.9,0.0,neckband,enhanced_scrape,,,40.0,,,,,,0.0,2026-04-23T12:23:58.203527,,0.0,0.0,0.0,0.0,0.0,0.0,,,,,,,0,0,0,0,0,,,,
,"GREE MATT MN2 40Hour Backup,Extra Bass,Waterproof Neckb...",GREE,418.0,3.7,0.0,unknown,enhanced_scrape,,,40.0,,,,,,0.0,2026-04-23T12:23:58.203527,,0.0,0.0,0.0,0.0,0.0,0.0,,,,,,,0,0,0,0,0,,,,
,Worricow BRANDED Wireless Bluetooth Portable Sports Hea...,Worricow,297.0,3.2,0.0,unknown,enhanced_scrape,,,,,,,,,0.0,2026-04-23T12:23:58.203527,,0.0,0.0,0.0,0.0,0.0,0.0,,,,,,,0,0,0,0,0,,,,
,FRONY MW-139 SH12 Headset Super Extra Bass Bluetooth He...,FRONY,459.0,3.4,0.0,over-ear headphone,enhanced_scrape,,,12.0,,,,,,0.0,2026-04-23T12:23:58.203527,,0.0,0.0,0.0,0.0,0.0,0.0,,,,,,,0,0,0,0,0,,,,
,FRONY EQ-1033 P47 Headset Super Extra Bass Bluetooth He...,FRONY,294.0,3.6,0.0,over-ear headphone,enhanced_scrape,,,47.0,,,,,,0.0,2026-04-23T12:23:58.203527,,0.0,0.0,0.0,0.0,0.0,0.0,,,,,,,0,0,0,0,0,,,,
,"Noise Buds UNO, 40Hrs Playtime, Quad Mic with ENC, Prem...",Noise,1099.0,4.1,0.0,unknown,enhanced_scrape,,,40.0,,,,,,0.0,2026-04-23T12:23:58.203527,,0.0,0.0,0.0,0.0,0.0,0.0,,,,,,,0,0,0,0,0,,,,
,"Aroma NB120 Amaze Upto 50 Hrs* Playtime, Dual Pairing F...",Aroma,260.0,3.7,0.0,unknown,enhanced_scrape,,,50.0,,,,,,0.0,2026-04-23T12:23:58.203527,,0.0,0.0,0.0,0.0,0.0,0.0,,,,,,,0,0,0,0,0,,,,
,GUGGU MW-139 SH12 Headset Super Extra Bass Bluetooth He...,GUGGU,461.0,3.9,0.0,over-ear headphone,enhanced_scrape,,,12.0,,,,,,0.0,2026-04-23T12:23:58.203527,,0.0,0.0,0.0,0.0,0.0,0.0,,,,,,,0,0,0,0,0,,,,
,Aroma NB120 Electro Buds Wireless 2 Neo 50Hrs Playtime*...,Aroma,259.0,3.9,0.0,unknown,enhanced_scrape,,,50.0,,,,,,0.0,2026-04-23T12:23:58.203527,,0.0,0.0,0.0,0.0,0.0,0.0,,,,,,,0,0,0,0,0,,,,
,FRONY NH-219 SH12 Headset Super Extra Bass Bluetooth He...,FRONY,455.0,3.3,0.0,over-ear headphone,enhanced_scrape,,,12.0,,,,,,0.0,2026-04-23T12:23:58.203527,,0.0,0.0,0.0,0.0,0.0,0.0,,,,,,,0,0,0,0,0,,,,
,FRONY NR-251 SH12 Headset Super Extra Bass Bluetooth He...,FRONY,451.0,3.0,0.0,over-ear headphone,enhanced_scrape,,,12.0,,,,,,0.0,2026-04-23T12:23:58.203527,,0.0,0.0,0.0,0.0,0.0,0.0,,,,,,,0,0,0,0,0,,,,
,ROAR HB-153 Headset Super Extra Bass Bluetooth Headset ...,ROAR,473.0,3.0,0.0,over-ear headphone,enhanced_scrape,,,153.0,,,,,,0.0,2026-04-23T12:23:58.203527,,0.0,0.0,0.0,0.0,0.0,0.0,,,,,,,0,0,0,0,0,,,,
,FRONY OS-845 P47 Headset Super Extra Bass Bluetooth Hea...,FRONY,331.0,4.5,0.0,over-ear headphone,enhanced_scrape,,,47.0,,,,,,0.0,2026-04-23T12:23:58.203527,,0.0,0.0,0.0,0.0,0.0,0.0,,,,,,,0,0,0,0,0,,,,
,Aroma NB126 Aster V5.4 Upto 50Hr Playtime* 45Ms Latency...,Aroma,469.0,3.8,0.0,unknown,enhanced_scrape,,,50.0,,,,,,0.0,2026-04-23T12:23:58.203527,,0.0,0.0,0.0,0.0,0.0,0.0,,45.0,,,,,0,0,0,0,0,,,,
,Aroma NB119 Titanium - 48 Hours Playtime Bluetooth Neck...,Aroma,289.0,4.0,0.0,unknown,enhanced_scrape,,,48.0,,,,,,0.0,2026-04-23T12:23:58.203527,,0.0,0.0,0.0,0.0,0.0,0.0,,,,,,,0,0,0,0,0,,,,
,FRONY WK-854 P47 Headset Super Extra Bass Bluetooth Hea...,FRONY,297.0,3.5,0.0,over-ear headphone,enhanced_scrape,,,47.0,,,,,,0.0,2026-04-23T12:23:58.203527,,0.0,0.0,0.0,0.0,0.0,0.0,,,,,,,0,0,0,0,0,,,,
,FRONY WI-981 P47 Headset Super Extra Bass Bluetooth Hea...,FRONY,337.0,3.7,0.0,over-ear headphone,enhanced_scrape,,,47.0,,,,,,0.0,2026-04-23T12:23:58.203527,,0.0,0.0,0.0,0.0,0.0,0.0,,,,,,,0,0,0,0,0,,,,
,"HOPPUP S40 Earbuds with 13MM Drivers, 40H Playtime, Rag...",HOPPUP,599.0,4.1,0.0,true wireless earbuds,enhanced_scrape,,,40.0,,13.0,,,,0.0,2026-04-23T12:23:58.203527,,0.0,0.0,0.0,0.0,0.0,0.0,,,,,,,0,0,0,0,0,,,,
,"Aroma NB120 Amaze Upto 50 Hours Playtime*, Fast Chargin...",Aroma,300.0,3.7,0.0,unknown,enhanced_scrape,,,50.0,,,,,,0.0,2026-04-23T12:23:58.203527,,0.0,0.0,0.0,0.0,0.0,0.0,,,,,,,0,0,0,0,0,,,,
,Aroma NB119 Genius Upto 60 Hours Playtime* Dual Pairing...,Aroma,235.0,3.7,0.0,unknown,enhanced_scrape,,,60.0,,,,,,0.0,2026-04-23T12:23:58.203527,,0.0,0.0,0.0,0.0,0.0,0.0,,,,,,,0,0,0,0,0,,,,
,Aroma NB121 Corridor Upto 40 Hours Playtime* Fast Charg...,Aroma,225.0,3.9,0.0,unknown,enhanced_scrape,,,40.0,,,,,,0.0,2026-04-23T12:23:58.203527,,0.0,0.0,0.0,0.0,1.0,0.0,,,,,,,0,0,0,0,0,,,,
,"ACwO Dwots Bold Wireless in Ear Earbuds|India'S 1St Smart 1.83"" True HD Touch Display|ANC (32Db)|4 ENC Mics for Clear Calls|Find My Earphone|3D Spatial Sound|Quick Charge |60Hrs Playtime (Bold Black)",ACwO,2499.0,3.7,178.0,true wireless earbuds,enhanced_scrape,,,60.0,,,,,,1.0,,,0.0,0.0,0.0,0.0,0.0,0.0,,,India,,,,1,0,0,0,0,0.0,B0DTHPN47Z,ACwO Technologies,Exceptional 60H battery — great for all-day use | Active Noise Cancellation for immersive listening
,AROMA TWS1 Pulse V5.4 True Wireless Earbuds – Bluetooth Headphones with up to 60H Playtime | ENC | Fast Charging | Heavy Bass | Shiny Black,AROMA,499.0,5.0,4.0,true wireless earbuds,enhanced_scrape,,,60.0,,,,,,0.0,,,0.0,0.0,0.0,0.0,1.0,0.0,,,India,,,,1,0,0,0,0,0.0,B0GQZBDH3Y,Aroma India,Exceptional 60H battery — great for all-day use | Fast charging — minimal downtime between uses | Highly rated 5.0/5 by customers
,AROMA NB124 Cosmo Wireless Neckband Bluetooth Headphones – up to 100H Playtime | ENC | Voice Changer | Fast Charging | Midnight Blue,AROMA,299.0,4.6,3.0,over-ear headphone,enhanced_scrape,,,100.0,,,,,,0.0,,,0.0,0.0,0.0,0.0,1.0,0.0,,,India,,,,1,0,0,0,0,0.0,B0GQZ8WQN9,Aroma India,Exceptional 100H battery — great for all-day use | Fast charging — minimal downtime between uses | Highly rated 4.6/5 by customers
,AlakhDM Wireless Earbuds Bluetooth 5.3 TWS Earphones Full Touch Control Headphones Built-in Microphone Premium Sound Quality Ensure Fast Stable & Connection With Type C Charger,AlakhDM,349.0,5.0,3.0,true wireless earbuds,enhanced_scrape,,,,,,5.3,,,0.0,,,0.0,0.0,1.0,0.0,0.0,0.0,,,China,,,,0,0,0,0,0,0.0,B0GX1SW3TJ,AlakhDM,"Latest Bluetooth v5.3 for stable, efficient connection | Highly rated 5.0/5 by customers"
,"Apritex Wireless Bluetooth 5.3 TWS Earbuds with Charging Case, Touch Control, Deep Bass Stereo Sound, Noise Reduction, Type-C Fast Charging.",Apritex,299.0,5.0,1.0,true wireless earbuds,enhanced_scrape,,,,,,5.3,,,0.0,,,0.0,0.0,1.0,0.0,1.0,0.0,,,China,,,,0,0,0,0,0,0.0,B0GWZQ6C54,Apritex,"Fast charging — minimal downtime between uses | Latest Bluetooth v5.3 for stable, efficient connection | Highly rated 5.0/5 by customers"
,Bluetooth Ear Buds with Fast Pairing Portable Charging Case Noise Isolation Mic for Calling Music Gaming (Design 299),Bluetooth,299.0,4.0,21.0,true wireless earbuds,enhanced_scrape,,,,,,,,,0.0,,,0.0,0.0,0.0,0.0,0.0,0.0,,,China,,,,0,1,0,0,0,0.0,B0GPJN68TV,Bluetooth,Well-rated at 4.0/5 stars
,"Boat Airdopes 800, Dolby Audio, Adaptive EQ by Mimi, 4Mics AI ENx, App Support, Fast Charge, IPX5, v5.3 Bluetooth TWS in Ear Earbuds Wireless Earphones with mic (Interstellar White)",Boat,1699.0,4.1,8908.0,true wireless earbuds,enhanced_scrape,,,,,,,4 mics,IPX5,0.0,,5.0,0.0,0.0,0.0,0.0,1.0,0.0,,,India,,,,0,0,0,0,0,1.0,B0D1V8CKFQ,Imagine Marketing Ltd,"Fast charging — minimal downtime between uses | IP5 water resistance — safe for workouts and rain | 4-mic array with ENC for crystal-clear calls | Well-rated at 4.1/5 stars | Popular choice with 8,908+ reviews"
,"Boat Rockerz 255 Pro+, 60HRS Battery, Fast Charge, IPX7, Dual Pairing, Low Latency, Magnetic Earbuds, in Ear Bluetooth Neckband, Wireless with Mic Earphones (Active Black)",Boat,1049.0,4.0,148496.0,true wireless earbuds,enhanced_scrape,,,60.0,,,,,IPX7,0.0,,7.0,0.0,0.0,0.0,0.0,1.0,1.0,,,India,,,,1,0,0,0,0,1.0,B08TV2P1N8,Imagine Marketing Ltd,"Exceptional 60H battery — great for all-day use | Fast charging — minimal downtime between uses | IP7 water resistance — safe for workouts and rain | Multipoint connection — pair with two devices simultaneously | Well-rated at 4.0/5 stars | Trusted by 148,496+ buyers"
,"Boat Rockerz 113, 40H Battery, Dual Pair, Fast Charge, ENx Tech, Stream Ad Free Music via App Support, Magnetic Buds, Bluetooth Neckband, Wireless with Mic in Ear Earphones (Active Black)",Boat,899.0,4.0,9035.0,neckband,enhanced_scrape,,,40.0,,,,,,0.0,,,0.0,0.0,0.0,0.0,1.0,1.0,,,India,,,,0,0,0,0,0,0.0,B0F7Y54PJX,Imagine Marketing Ltd,"Long 40H battery life for extended listening | Fast charging — minimal downtime between uses | Well-rated at 4.0/5 stars | Popular choice with 9,035+ reviews"
,"Boat Rockerz 235 Pro Wireless Bluetooth Neckband in Ear Earphone, Upto 20 hrs of Playtime, Beast Mode, Low Latency, IPX5 Water & Sweat Resistance, ENx Technology, Bluetooth v5.2(Active Black)",Boat,999.0,4.0,2653.0,neckband,enhanced_scrape,,,20.0,,,5.2,,IPX5,1.0,,5.0,0.0,0.0,0.0,0.0,0.0,0.0,,,India,,,,1,1,0,0,0,1.0,B0CP3N5F5B,Imagine Marketing Ltd,"Decent 20H playtime for daily commutes | Active Noise Cancellation for immersive listening | IP5 water resistance — safe for workouts and rain | Well-rated at 4.0/5 stars | Popular choice with 2,653+ reviews"
,"Boat Airdopes 300, Cinematic Spatial Audio, 50H Battery, 4Mic AI ENx, Fast Charge, App Support, Low Latency, IPX4, v5.3 Bluetooth Earbuds, TWS in Ear Earbuds Wireless Earphones with mic (Purple Haze)",Boat,1399.0,4.0,9418.0,true wireless earbuds,enhanced_scrape,,,50.0,,,,4 mics,IPX4,0.0,,4.0,0.0,0.0,0.0,0.0,1.0,0.0,,,India,,,,1,0,0,1,0,1.0,B0D3LBFX1W,Imagine Marketing Ltd,"Long 50H battery life for extended listening | Fast charging — minimal downtime between uses | Spatial/3D audio for an immersive sound experience | IP4 water resistance — safe for workouts and rain | 4-mic array with ENC for crystal-clear calls | Well-rated at 4.0/5 stars | Popular choice with 9,418+ reviews"
,"Boat Rockerz Prime 255Z, Spatial Audio,ENx Tech, Dual Pair, 50H Battery, Stream Ad Free Music via App Support, Magnetic Buds, Bluetooth Neckband, Wireless with Mic Earphones (Onyx Black)",Boat,1199.0,4.0,66238.0,neckband,enhanced_scrape,,,50.0,,,,,,0.0,,,0.0,0.0,0.0,0.0,0.0,1.0,,,India,,,,0,0,0,1,0,0.0,B0FHHL4GC3,Imagine Marketing Ltd,"Long 50H battery life for extended listening | Spatial/3D audio for an immersive sound experience | Well-rated at 4.0/5 stars | Trusted by 66,238+ buyers"
,"Boat Nirvana Crystl, Transparent Case,Spatial Audio, ANC(~32dB), 100Hrs Battery,4Mics ENx,App Support, Bluetooth Earbuds, TWS Ear Buds Wireless Earphones with mic (Quantum Black)",Boat,1899.0,4.0,1817.0,true wireless earbuds,enhanced_scrape,,,100.0,,,,4 mics,,1.0,,,0.0,0.0,0.0,0.0,0.0,0.0,,,India,,,,0,0,0,1,0,0.0,B0DGTVRH97,Imagine Marketing Ltd,"Exceptional 100H battery — great for all-day use | Active Noise Cancellation for immersive listening | Spatial/3D audio for an immersive sound experience | 4-mic array with ENC for crystal-clear calls | Well-rated at 4.0/5 stars | Popular choice with 1,817+ reviews"
,"Boat Airdopes 219, 4Mics ENx, 40H Battery, Best in Segment for Calling, Stream Ad Free Music via App Support, Bluetooth Earbuds, TWS Ear Buds Wireless Earphones with mic (Ivory Mist)",Boat,1099.0,3.9,4363.0,true wireless earbuds,enhanced_scrape,,,40.0,,,,4 mics,,0.0,,,0.0,0.0,0.0,0.0,0.0,0.0,,,India,,,,0,0,0,0,0,0.0,B0FC2Z19RX,Imagine Marketing Ltd,"Long 40H battery life for extended listening | 4-mic array with ENC for crystal-clear calls | Popular choice with 4,363+ reviews"
,"Boat Rockerz 245 v2 Pro, 30h Battery, ENx Tech, Fast Charge, Dual Pairing, Magnetic Buds, USB Type-C Interface & IPX5, Bluetooth in Ear Neckband, Wireless with Mic Earphones (Teal Green)",Boat,999.0,3.9,121282.0,neckband,enhanced_scrape,,,30.0,,,,,IPX5,0.0,,5.0,1.0,0.0,0.0,0.0,1.0,1.0,,,India,,,,0,0,0,0,0,1.0,B0CC8SBFFR,Imagine Marketing Ltd,"Decent 30H playtime for daily commutes | Fast charging — minimal downtime between uses | IP5 water resistance — safe for workouts and rain | Multipoint connection — pair with two devices simultaneously | Trusted by 121,282+ buyers"
,"Boat Airdopes Prime 701 ANC, 46dB Hybrid ANC, 50Hr Battery, Real Spatial Audio,Multidevice Connect,App Support, Bluetooth Earbuds, TWS Ear Buds Wireless Earphones with mic (Obsidian Black)",Boat,1999.0,3.9,2924.0,true wireless earbuds,enhanced_scrape,,,50.0,,,,,,1.0,,,0.0,0.0,0.0,0.0,0.0,0.0,46.0,,India,,,,0,0,0,1,0,0.0,B0F8BVYRWS,Imagine Marketing Ltd,"Long 50H battery life for extended listening | Active Noise Cancellation (46db hybrid anc) blocks out distractions | Spatial/3D audio for an immersive sound experience | Popular choice with 2,924+ reviews"
,"Boat Airdopes 111v2, Premium Leather Finish, 4Mics ENx, 50HRS Battery, 13mm Drivers, Fast Charge, Dual Pair, v5.4 Bluetooth TWS in Ear Earbuds Wireless Earphones with mic (Classic Black)",Boat,1299.0,3.9,10682.0,true wireless earbuds,enhanced_scrape,,,50.0,,13.0,,4 mics,,0.0,,,0.0,0.0,0.0,0.0,1.0,1.0,,,India,,,,0,0,0,0,0,0.0,B0DPWJYQK1,Imagine Marketing Ltd,"Long 50H battery life for extended listening | Fast charging — minimal downtime between uses | 4-mic array with ENC for crystal-clear calls | 13mm driver for rich, detailed sound | Trusted by 10,682+ buyers"
,"Boat Nirvana Zenith Pro, 50dB Hybrid Adaptive ANC, Spatial Audio, Hi-Res Audio LDAC, 6Mics AI-ENx, 80 Hrs Battery, Bluetooth Earbuds, TWS Ear Buds Wireless Earphones with mic (Crimson Red)",Boat,2999.0,3.9,1503.0,true wireless earbuds,enhanced_scrape,,,80.0,,,,6 mics,,1.0,,,0.0,1.0,0.0,0.0,0.0,0.0,50.0,,India,,,,0,0,1,1,0,0.0,B0DXP8JM1M,Imagine Marketing Ltd,"Exceptional 80H battery — great for all-day use | Active Noise Cancellation (50db hybrid adaptive anc) blocks out distractions | Spatial/3D audio for an immersive sound experience | Hi-Res audio (LDAC/LHDC) for studio-quality sound | 6-mic array with ENC for crystal-clear calls | Popular choice with 1,503+ reviews"
,"Boat Airdopes Joy, 35Hrs Battery, Fast Charge, IWP Tech, Low Latency, 2Mic ENx, Type-C Port, v5.3 Bluetooth Earbuds, TWS Ear Buds Wireless Earphones with mic(Dark Cyan)",Boat,999.0,3.8,8765.0,true wireless earbuds,enhanced_scrape,,,35.0,,,,2 mics,,0.0,,,0.0,0.0,0.0,0.0,1.0,0.0,,,India,,,,1,0,0,0,0,0.0,B0C411BWXD,Imagine Marketing Ltd,"Decent 35H playtime for daily commutes | Fast charging — minimal downtime between uses | Built-in 2 mics for hands-free calling | Popular choice with 8,765+ reviews"
,"Boat Airdopes 131 Gen 2, 13mm Drivers, 70H Battery, ENx Tech, Beast Mode 45 ms Low Latency, ASAP Charge, Bluetooth Earbuds, TWS Ear Buds Wireless Earphones with mic (Carbon Black)",Boat,999.0,3.8,5632.0,true wireless earbuds,enhanced_scrape,,,70.0,,13.0,,,,0.0,,,0.0,0.0,0.0,0.0,1.0,0.0,,45.0,India,,,,1,1,0,0,1,0.0,B0FPLP7SMZ,Imagine Marketing Ltd,"Exceptional 70H battery — great for all-day use | Ultra-low 45ms latency — ideal for gaming and video | Fast charging — minimal downtime between uses | 13mm driver for rich, detailed sound | Popular choice with 5,632+ reviews"
,"Boat Airdopes 212, 50H Battery, ENx Tech, Beast Mode, ASAP Charge, Bluetooth Earbuds, TWS Ear Buds Wireless Earphones with mic (Ivory)",Boat,849.0,3.8,67.0,true wireless earbuds,enhanced_scrape,,,50.0,,,,,,0.0,,,0.0,0.0,0.0,0.0,1.0,0.0,,,India,,,,0,1,0,0,0,0.0,B0G48KJ7LJ,Imagine Marketing Ltd,Long 50H battery life for extended listening | Fast charging — minimal downtime between uses
,"Boat Rockerz 200, 40H Battery, Signature Sound, ENx Tech, Dual Pairing, 60 ms Low Latency, IPX5, ASAP Charge, Magnetic Buds, Bluetooth Neckband, Wireless with Mic Earphones (Active Black)",Boat,799.0,3.8,46.0,neckband,enhanced_scrape,,,40.0,,,,,IPX5,0.0,,5.0,0.0,0.0,0.0,0.0,1.0,1.0,,60.0,India,,,,1,0,0,0,1,1.0,B0G48M3KXD,Imagine Marketing Ltd,Long 40H battery life for extended listening | Fast charging — minimal downtime between uses | IP5 water resistance — safe for workouts and rain | Multipoint connection — pair with two devices simultaneously
,"Boat Airdopes Plus 311, Glass Design, ENx Tech, Fast Charge, 50 Hrs Battery, Stream Ad Free Music via App Support Bluetooth Earbuds, TWS Ear Buds Wireless Earphones with mic (Crimson Red)",Boat,999.0,3.7,5344.0,true wireless earbuds,enhanced_scrape,,,50.0,,,,,,0.0,,,0.0,0.0,0.0,0.0,1.0,0.0,,,India,,,,0,0,0,0,0,0.0,B0DZXX6SKP,Imagine Marketing Ltd,"Long 50H battery life for extended listening | Fast charging — minimal downtime between uses | Popular choice with 5,344+ reviews"
,"Boat Airdopes Plus 311, Glass Design, ENx Tech, Fast Charge, 50 Hrs Battery, Stream Ad Free Music via App Support Bluetooth Earbuds, TWS Ear Buds Wireless Earphones with mic (Ash Grey)",Boat,999.0,3.7,5344.0,true wireless earbuds,enhanced_scrape,,,50.0,,,,,,0.0,,,0.0,0.0,0.0,0.0,1.0,0.0,,,India,,,,0,0,0,0,0,0.0,B0DZXT72RY,Imagine Marketing Ltd,"Long 50H battery life for extended listening | Fast charging — minimal downtime between uses | Popular choice with 5,344+ reviews"
,"Bouncefit Bluetooth Wireless Mangentic On/Off Neckband, 40 Hours Continuous Playback Battery, Fast Charge, IPX7, Low Latency, Active Noise Cancellation, Earbuds with Mic Earphones (Black)",Bouncefit,346.0,3.5,401.0,true wireless earbuds,enhanced_scrape,,,40.0,,,,,IPX7,1.0,,7.0,0.0,0.0,0.0,0.0,1.0,0.0,,,India,,,,1,0,0,0,0,1.0,B0F4NDZ2VC,Bouncefit,Long 40H battery life for extended listening | Active Noise Cancellation for immersive listening | Fast charging — minimal downtime between uses | IP7 water resistance — safe for workouts and rain
,Deeliance Wireless Earbuds Bluetooth 5.1 TWS Earphones Full Touch Control Headphones Built-in Microphone Immersive Sound Quality Ensure Fast Stable & Connection Smart LED Headset Sports Bud,Deeliance,279.0,5.0,1.0,true wireless earbuds,enhanced_scrape,,,,,,5.1,,,1.0,,,0.0,0.0,1.0,0.0,0.0,0.0,,,India,,,,0,0,0,0,0,0.0,B0GF29H2SZ,Deeliance,Active Noise Cancellation for immersive listening | Highly rated 5.0/5 by customers
,Drumstone TopRated 𝟏𝟓𝐘𝐫 𝐖𝐚𝐫𝐫𝐚𝐧𝐭𝐲 Bluetooth Noise Canceling Earpiece with Mic Wireless Headset for Calls & Music for Android & iOS Devices Earphone | Ideal Gift for Professionals,Drumstone,1449.0,5.0,3.0,unknown,enhanced_scrape,,,,,,,,,1.0,,,0.0,0.0,0.0,0.0,0.0,0.0,,,India,,,,0,0,0,0,0,0.0,B0G62TWV4D,Drumstone,Active Noise Cancellation for immersive listening | Highly rated 5.0/5 by customers
,"EDYELL Bluetooth in Ear Earphones with Earhooks, Wireless Earbuds with Noise Cancelling Mic, 50H Playback, BT5.3 Headphones Touch Control, IPX5 Waterproof Fitness Headset for Sports Running,V5",EDYELL,1899.0,3.9,552.0,true wireless earbuds,enhanced_scrape,,,50.0,,,5.3,,IPX5,1.0,,5.0,0.0,0.0,1.0,0.0,0.0,0.0,,,China,,,,0,0,0,0,0,1.0,B0D2PZB9M3,EDYELL,"Long 50H battery life for extended listening | Active Noise Cancellation for immersive listening | IP5 water resistance — safe for workouts and rain | Latest Bluetooth v5.3 for stable, efficient connection"
,"Fire-Boltt Aero TWS Earbuds Custom EQ, Wireless Bluetooth 5.4, Music & App Support, 50H Playtime, Fast Charging Case, 50ms Low Latency for Gaming, Touch Controls, IPX4 Waterproof, Clear Calls - Blue",Fire-Boltt,699.0,3.8,9306.0,true wireless earbuds,enhanced_scrape,,,50.0,,,5.4,,IPX4,0.0,,4.0,0.0,0.0,1.0,0.0,1.0,0.0,,50.0,India,,,,1,1,0,0,1,1.0,B0FVS5PRCH,Boltt Sports Technologies,"Long 50H battery life for extended listening | Ultra-low 50ms latency — ideal for gaming and video | Fast charging — minimal downtime between uses | IP4 water resistance — safe for workouts and rain | Latest Bluetooth v5.4 for stable, efficient connection | Popular choice with 9,306+ reviews"
,"Fire-Boltt Newly Launched Aero Fit TWS Earbuds with Custom EQ, Bluetooth 5.4 Wireless Earphones, 50H Playtime, Fast Charging Case, 50ms Low Latency Gaming & Touch Controls Black",Fire-Boltt,849.0,3.8,189.0,true wireless earbuds,enhanced_scrape,,,50.0,,,5.4,,,0.0,,,0.0,0.0,1.0,0.0,1.0,0.0,,50.0,India,,,,1,1,0,0,1,0.0,B0GHQHX1RK,Boltt Sports Technologies,"Long 50H battery life for extended listening | Ultra-low 50ms latency — ideal for gaming and video | Fast charging — minimal downtime between uses | Latest Bluetooth v5.4 for stable, efficient connection"
,Fire-Boltt Newly Launched Aero Drift TWS Earbuds Custom EQ Wireless Bluetooth 5.4 Music & App Support 50H Playtime Battery Display Fast Charging Case 50ms Low Latency Touch Controls White,Fire-Boltt,899.0,3.8,1661.0,true wireless earbuds,enhanced_scrape,,,50.0,,,5.4,,,0.0,,,0.0,0.0,1.0,0.0,1.0,0.0,,50.0,India,,,,1,0,0,0,1,0.0,B0GHQYJ6DX,Boltt Sports Technologies,"Long 50H battery life for extended listening | Ultra-low 50ms latency — ideal for gaming and video | Fast charging — minimal downtime between uses | Latest Bluetooth v5.4 for stable, efficient connection | Popular choice with 1,661+ reviews"
,"Fire-Boltt Aero Clip OWS Earbud w/Clip-On Fit, Custom EQ, Wireless Bluetooth TWS,50H Playtime, 50ms Low Latency, Display on Charging Case, App Support, Touch Controls, Gaming & Music - Midnight Black",Fire-Boltt,1499.0,3.7,114.0,true wireless earbuds,enhanced_scrape,,,50.0,,,,,,0.0,,,0.0,0.0,1.0,0.0,0.0,0.0,,50.0,India,,,,1,1,0,0,1,0.0,B0GHQHZRJT,Boltt Sports Technologies,Long 50H battery life for extended listening | Ultra-low 50ms latency — ideal for gaming and video
,"Fire-BolttAero Shadow TWS Earbuds Custom EQ, RGB Lights, Wireless Bluetooth 5.4, Music & App Support, 50H Playtime, Fast Charging Case, 50ms Low Latency for Gaming, Touch Controls - Flame Red",Fire-BolttAero,799.0,4.2,80.0,true wireless earbuds,enhanced_scrape,,,50.0,,,5.4,,,0.0,,,0.0,0.0,1.0,0.0,1.0,0.0,,50.0,India,,,,1,1,0,0,1,0.0,B0GHQD8KP2,Boltt Sports Technologies,"Long 50H battery life for extended listening | Ultra-low 50ms latency — ideal for gaming and video | Fast charging — minimal downtime between uses | Latest Bluetooth v5.4 for stable, efficient connection | Highly rated 4.2/5 by customers"
,"GOBOULT Y1 v2.0 Ear Buds Wireless with 60H Playtime, Zen Quad Mic ENC, 45ms Low Latency, Touch Contorl, Dual Device Pairing, Bluetooth 6.0, 13mm Bass Driver Earbud TWS Wireless Earphone (Blue Teal)",GOBOULT,1199.0,4.1,98.0,true wireless earbuds,enhanced_scrape,,,60.0,,,6.0,,,0.0,,,0.0,0.0,0.0,0.0,0.0,1.0,,45.0,India,,,,1,0,0,0,1,0.0,B0GSQXFNMF,Boult Audio,"Exceptional 60H battery — great for all-day use | Ultra-low 45ms latency — ideal for gaming and video | Latest Bluetooth v6.0 for stable, efficient connection | Multipoint connection — pair with two devices simultaneously | Well-rated at 4.1/5 stars"
,"GOBOULT Astra Truly Wireless in Ear Earbuds with 48H Playtime, Built-in App Support, 45ms Low Latency Gaming, 4 Mics ENC, Breathing LEDs,13mm Bass Drivers, TWS Ear Buds (Smoky Metal)",GOBOULT,1299.0,4.1,795.0,true wireless earbuds,enhanced_scrape,,,48.0,,,,4 mics,,0.0,,,0.0,0.0,0.0,0.0,0.0,0.0,,45.0,India,,,,1,1,0,0,1,0.0,B0CQ4NJB5G,Boult Audio,Long 48H battery life for extended listening | Ultra-low 45ms latency — ideal for gaming and video | 4-mic array with ENC for crystal-clear calls | Well-rated at 4.1/5 stars
,"GOBOULT Mustang Sprint in Ear Earbuds with 60H Playtime, Amp App Support, 32dB Active Noise Cancellation, Quad Mic ENC, Dual Device Pairing, 10mm Driver, BTv 6.0 Wireless (Turbo Yellow)",GOBOULT,1799.0,4.1,277.0,true wireless earbuds,enhanced_scrape,,,60.0,,10.0,,,,1.0,,,0.0,0.0,0.0,0.0,0.0,1.0,,,India,,,,1,0,0,0,0,0.0,B0GM113PJQ,Boult Audio,"Exceptional 60H battery — great for all-day use | Active Noise Cancellation for immersive listening | 10mm driver for rich, detailed sound | Multipoint connection — pair with two devices simultaneously | Well-rated at 4.1/5 stars"
,"GOBOULT Mustang Torq Wireless in Ear Earbuds with 60H Playtime, App Support, Quad Mic ENC, 45ms Low Latency, 13mm Driver, Breathing LEDs, Made in India Ear Buds Wireless (Green)",GOBOULT,1799.0,4.0,13365.0,true wireless earbuds,enhanced_scrape,,,60.0,,13.0,,,,0.0,,,0.0,0.0,0.0,0.0,0.0,0.0,,45.0,India,,,,1,0,0,0,1,0.0,B0GK1GSRLJ,Boult Audio,"Exceptional 60H battery — great for all-day use | Ultra-low 45ms latency — ideal for gaming and video | 13mm driver for rich, detailed sound | Well-rated at 4.0/5 stars | Trusted by 13,365+ buyers"
,"GOBOULT Astra Neo Bluetooth in Ear Earbuds with 70H Playtime, 40mm Bass Driver, Zen ENC Mic, Type-C Fast Charging, 4EQ Modes, Bluetooth 5.4, Low Latency Gaming, Wireless Earbuds (White)",GOBOULT,1099.0,4.0,1536.0,true wireless earbuds,enhanced_scrape,,,70.0,,,5.4,,,0.0,,,0.0,0.0,0.0,0.0,1.0,0.0,,,India,,,4.0,1,1,0,0,0,0.0,B0DZ12NCD7,Boult Audio,"Exceptional 70H battery — great for all-day use | Fast charging — minimal downtime between uses | Latest Bluetooth v5.4 for stable, efficient connection | Well-rated at 4.0/5 stars | Popular choice with 1,536+ reviews"
,"GOBOULT Z40 Pro v2.0 in Ear Earbuds with 100H Playtime, Amp App Support, Active Noise Cancellation, Quad Mic ENC, Dual Device Pairing, 13mm Driver, Bluetooth 5.4 Wireless (Indigo Rust)",GOBOULT,1499.0,3.9,492.0,true wireless earbuds,enhanced_scrape,,,100.0,,13.0,5.4,,,1.0,,,0.0,0.0,0.0,0.0,0.0,1.0,,,India,,,,1,0,0,0,0,0.0,B0GRV5S7DW,Boult Audio,"Exceptional 100H battery — great for all-day use | Active Noise Cancellation for immersive listening | 13mm driver for rich, detailed sound | Latest Bluetooth v5.4 for stable, efficient connection | Multipoint connection — pair with two devices simultaneously"
,"GOBOULT Z60 Made in India Ear Buds Wireless with 60H Playtime, 4 ENC Mics Clear Calling, 50ms Low Latency Gaming, 13mm Bass Driver Earbuds Bluetooth Wireless Earphones (Spring Green)",GOBOULT,899.0,3.9,1804.0,true wireless earbuds,enhanced_scrape,,,60.0,,,,,,0.0,,,0.0,0.0,0.0,0.0,0.0,0.0,,50.0,India,,,,1,1,0,0,1,0.0,B0CBV22Q52,Boult Audio,"Exceptional 60H battery — great for all-day use | Ultra-low 50ms latency — ideal for gaming and video | Popular choice with 1,804+ reviews"
,"GOBOULT Y1 Ear Buds Wireless with 50H Playtime, Clear Calling ENC Mic, Low Latency Gaming, Made in India, 10mm Bass Drivers Earbuds Buds TWS Bluetooth (Green)",GOBOULT,699.0,3.9,215.0,true wireless earbuds,enhanced_scrape,,,50.0,,,,,,0.0,,,0.0,0.0,0.0,0.0,0.0,0.0,,,India,,,,1,1,0,0,0,0.0,B0G51YJ53N,Boult Audio,Long 50H battery life for extended listening
,"GOBOULT Z20 Made in India Bluetooth Ear Buds Wireless 51H Playtime, Clear Calling ENC Mic, Low Latency Gaming, 10mm Drivers Earbuds Buds Bluetooth Wireless Earphones (Pine Green)",GOBOULT,999.0,3.9,2221.0,true wireless earbuds,enhanced_scrape,,,51.0,,10.0,,,,0.0,,,0.0,0.0,0.0,0.0,0.0,0.0,,,India,,,,1,1,0,0,0,0.0,B0DSG8SNXH,Boult Audio,"Long 51H battery life for extended listening | 10mm driver for rich, detailed sound | Popular choice with 2,221+ reviews"
,"GOBOULT K40 True Wireless in Ear Earbuds with 48H Playtime, Clear Calling 4 Mics, 45ms Low Latency Gaming, 13mm Bass Drivers, Type-C Fast Charging, Bluetooth 5.3 Ear Buds (Ivory White)",GOBOULT,1099.0,3.9,8212.0,true wireless earbuds,enhanced_scrape,,,48.0,,,5.3,4 mics,,0.0,,,0.0,0.0,0.0,0.0,1.0,0.0,,45.0,India,,,,1,1,0,0,1,0.0,B0CTCX6CHW,Boult Audio,"Long 48H battery life for extended listening | Ultra-low 45ms latency — ideal for gaming and video | Fast charging — minimal downtime between uses | 4-mic array with ENC for crystal-clear calls | Latest Bluetooth v5.3 for stable, efficient connection | Popular choice with 8,212+ reviews"
,"GOBOULT Made in India K10 Ear Buds Wireless with 50H Playtime, 4 Mics Clear Calling, 45ms Low Latency Gaming, 10mm Bass Drivers Earbuds Buds Bluetooth Wireless Earphones (Ice Blue)",GOBOULT,799.0,3.9,3482.0,true wireless earbuds,enhanced_scrape,,,50.0,,,,4 mics,,0.0,,,0.0,0.0,0.0,0.0,0.0,0.0,,45.0,India,,,,1,1,0,0,1,0.0,B0DFMHM9CM,Boult Audio,"Long 50H battery life for extended listening | Ultra-low 45ms latency — ideal for gaming and video | 4-mic array with ENC for crystal-clear calls | Popular choice with 3,482+ reviews"
,"GOBOULT W20 Truly Wireless in Ear Earbuds with 40H Playtime, Zen™ ENC Mic, 45ms Low Latency, 13mm Bass Drivers, Type-C Fast Charging, Touch Control, IPX5 Ear Buds TWS (Glacier Blue)",GOBOULT,799.0,3.9,15048.0,true wireless earbuds,enhanced_scrape,,,40.0,,,,,IPX5,0.0,,5.0,0.0,0.0,1.0,0.0,1.0,0.0,,45.0,India,,,,1,0,0,0,1,1.0,B0D3R1JQ7D,Boult Audio,"Long 40H battery life for extended listening | Ultra-low 45ms latency — ideal for gaming and video | Fast charging — minimal downtime between uses | IP5 water resistance — safe for workouts and rain | Trusted by 15,048+ buyers"
,"GOBOULT Z40 Pro with 100H Playtime, Zen Quad Mic ENC, 45ms Low Latency Gaming, Premium Rubber Grip Case, 13mm Bass Drivers, BT 5.3, TWS Truly Wireless in Ear Earbuds (Lavender)",GOBOULT,1099.0,3.8,44096.0,true wireless earbuds,enhanced_scrape,,,100.0,,,5.3,,,0.0,,,0.0,0.0,0.0,0.0,0.0,0.0,,45.0,India,,,,1,1,0,0,1,0.0,B0CHVWYZV8,Boult Audio,"Exceptional 100H battery — great for all-day use | Ultra-low 45ms latency — ideal for gaming and video | Latest Bluetooth v5.3 for stable, efficient connection | Trusted by 44,096+ buyers"
,"GOBOULT Y1 Pro Ear Buds Wireless 60H Playtime, 4 Mics Calling, 45ms Low Latency Gaming, Made in India,13mm Bass Driver Earbuds Buds TWS Bluetooth Wireless Earphone (Powder Blue)",GOBOULT,899.0,3.7,347.0,true wireless earbuds,enhanced_scrape,,,60.0,,,,4 mics,,0.0,,,0.0,0.0,0.0,0.0,0.0,0.0,,45.0,India,,,,1,1,0,0,1,0.0,B0DMM1H92H,Boult Audio,Exceptional 60H battery — great for all-day use | Ultra-low 45ms latency — ideal for gaming and video | 4-mic array with ENC for crystal-clear calls
,"GOBOULT Klarity 4 ANC in-Ear Truly Wireless Earbuds with 35dB Active Noise Cancellation, 60H Playtime, 4 Mics Calling, 45ms Low Latency, 10mm Driver, Type-C Fast Charging (Jet Black)",GOBOULT,999.0,3.3,94.0,true wireless earbuds,enhanced_scrape,,,60.0,,10.0,,4 mics,,1.0,,,0.0,0.0,0.0,0.0,1.0,0.0,,45.0,India,,,,1,0,0,0,1,0.0,B0F9L6VF7G,Boult Audio,"Exceptional 60H battery — great for all-day use | Active Noise Cancellation for immersive listening | Ultra-low 45ms latency — ideal for gaming and video | Fast charging — minimal downtime between uses | 4-mic array with ENC for crystal-clear calls | 10mm driver for rich, detailed sound"
,"HAMMER Ultra Pods True Wireless Earbuds with in-Built Mic, 100H Standby Time, 1H Charging USB Type-C, 13mm Dynamic Drivers, 50H Playtime, BT v6.0 Connectivity, IPX5 Water Resistant (Beige)",HAMMER,579.0,3.7,945.0,true wireless earbuds,enhanced_scrape,,,100.0,,,6.0,,IPX5,0.0,,5.0,1.0,0.0,0.0,0.0,0.0,0.0,,,India,1.0,,,0,0,0,0,0,1.0,B0FZD7ZJGD,Hammer Lifestyle,"Exceptional 100H battery — great for all-day use | IP5 water resistance — safe for workouts and rain | Latest Bluetooth v6.0 for stable, efficient connection"
,"HAMMER Screen TWS Earbuds Wireless with 13mm Drivers, ANC Ear Buds 32dB, up to 50H Playtime TWS Ear Buds, Type-C Fast Charging, BT v5.4, True Wireless Earbuds Bluetooth,Transparency & EQ Mode (White)",HAMMER,1499.0,3.6,1082.0,true wireless earbuds,enhanced_scrape,,,50.0,,13.0,5.4,,,1.0,,,0.0,0.0,0.0,0.0,1.0,0.0,,,India,,,,1,0,0,0,0,0.0,B0D2J4FT99,Hammer Lifestyle,"Long 50H battery life for extended listening | Active Noise Cancellation for immersive listening | Fast charging — minimal downtime between uses | 13mm driver for rich, detailed sound | Latest Bluetooth v5.4 for stable, efficient connection | Popular choice with 1,082+ reviews"
,"HAMMER New Launch Ultra Pods TWS Wireless Bluetooth Ear buds, Inbuilt Mic, 100H Standby Time, Earbuds with 30H Playtime, USB Type-C,13mm Dynamic Drivers, IPX5 Water Resistant Bluetooth Earphones(Blue)",HAMMER,599.0,3.5,751.0,true wireless earbuds,enhanced_scrape,,,100.0,,,,,IPX5,0.0,,5.0,1.0,0.0,0.0,0.0,0.0,0.0,,,India,,,,0,0,0,0,0,1.0,B0D7C56BJN,Hammer Lifestyle,Exceptional 100H battery — great for all-day use | IP5 water resistance — safe for workouts and rain
,HP H200 Wireless Headset,HP,1306.0,4.0,1421.0,unknown,enhanced_scrape,,,,,,,,,0.0,,,0.0,0.0,0.0,0.0,0.0,0.0,,,USA,,,,0,0,0,0,0,0.0,B0DHKJ5HWL,HP Inc.,"Well-rated at 4.0/5 stars | Popular choice with 1,421+ reviews"
,"Humble® Wireless Bluetooth Earbuds with Noise Cancellation, 24H Playtime, Touch Controls, Deep Bass Stereo Sound, Fast Pairing TWS Earphones with Voice Assistant Support – Black",Humble®,798.0,4.0,59.0,true wireless earbuds,enhanced_scrape,,,24.0,,,,,,1.0,,,0.0,0.0,1.0,1.0,0.0,0.0,,,India,,,,0,0,0,0,0,0.0,B0G7221VDX,Humble®,Decent 24H playtime for daily commutes | Active Noise Cancellation for immersive listening | Well-rated at 4.0/5 stars
,"Kratos TW02 Ear Buds Wireless with 30H Playtime, Noise Isolation & Clear Calls, Bluetooth Earbuds with Voice Assistant, Ear Buds with Bluetooth V 5.3 & with Type C Fast Charging, IPX5 TWS Earphones",Kratos,499.0,4.4,218.0,true wireless earbuds,enhanced_scrape,,,30.0,,,5.3,,IPX5,0.0,,5.0,0.0,0.0,0.0,1.0,1.0,0.0,,,India,,,,0,0,0,0,0,1.0,B0GCT3DKWB,Kratos India,Decent 30H playtime for daily commutes | Fast charging — minimal downtime between uses | IP5 water resistance — safe for workouts and rain | Highly rated 4.4/5 by customers
,"Kratos N1 Neckband Bluetooth Headphones with 30 Hours Playtime with 13mm Drivers, Rich Music Experience, Type C Fast Charging, Neckband Earphones with Voice Assistant & IPX4 Water Resistant",Kratos,398.0,4.0,1168.0,over-ear headphone,enhanced_scrape,,,30.0,,13.0,,,IPX4,0.0,,4.0,0.0,0.0,0.0,1.0,1.0,0.0,,,India,,,,1,0,0,0,0,1.0,B0G2SPF2W1,Kratos India,"Decent 30H playtime for daily commutes | Fast charging — minimal downtime between uses | IP4 water resistance — safe for workouts and rain | 13mm driver for rich, detailed sound | Well-rated at 4.0/5 stars | Popular choice with 1,168+ reviews"
,"Kratos N4 Bluetooth Neckband with 52H Playtime, Deep Bass, Stereo Sound, HD Calls, Magnetic Earbuds, Type-C Fast Charging, Rich Audio, Hollow Switch for Comfort & Style",Kratos,349.0,3.6,2001.0,true wireless earbuds,enhanced_scrape,,,52.0,,,,,,0.0,,,0.0,0.0,0.0,0.0,1.0,0.0,,,India,,,,0,0,0,0,0,0.0,B0FCCH3KMZ,Kratos India,"Long 52H battery life for extended listening | Fast charging — minimal downtime between uses | Popular choice with 2,001+ reviews"
,"Kratos Cube Ear Buds Wireless with 30H Playtime, Noise Isolation & Clear Calls, Bluetooth Earbuds with Voice Assistant, Ear Buds with Bluetooth V 5.3 & with Type C Fast Charging, IPX4 TWS Earphones",Kratos,499.0,3.6,470.0,true wireless earbuds,enhanced_scrape,,,30.0,,,5.3,,IPX4,0.0,,4.0,0.0,0.0,0.0,1.0,1.0,0.0,,,India,,,,0,0,0,0,0,1.0,B0FSDYHR92,Kratos India,Decent 30H playtime for daily commutes | Fast charging — minimal downtime between uses | IP4 water resistance — safe for workouts and rain
,"Luxaro Mart UltraPods Max True Wireless Earbuds with Bluetooth 5.3, Enhanced Sound Quality, Touch Control, Long Lasting, Noise Cancellation & Comfortable Fit (Black)",Luxaro,277.0,5.0,1.0,true wireless earbuds,enhanced_scrape,,,,,,5.3,,,1.0,,,0.0,0.0,1.0,0.0,0.0,0.0,,,China,,,,0,0,0,0,0,0.0,B0GN2MYWGC,Luxaro,"Active Noise Cancellation for immersive listening | Latest Bluetooth v5.3 for stable, efficient connection | Highly rated 5.0/5 by customers"
,"Luxaro Mart UltraPods Max True Wireless Earbuds with Bluetooth 5.3, Enhanced Sound Quality, Touch Control,Battery Life, Noise Cancellation & Comfortable Fit",Luxaro,277.0,2.0,2.0,true wireless earbuds,enhanced_scrape,,,,,,5.3,,,1.0,,,0.0,0.0,1.0,0.0,0.0,0.0,,,China,,,,0,0,0,0,0,0.0,B0GHK4DS12,Luxaro,"Active Noise Cancellation for immersive listening | Latest Bluetooth v5.3 for stable, efficient connection"
,"M19 Wireless Bluetooth Earbuds with LED Power Display, Wireless Charging Case, Touch Control, Crystal Clear Audio",M19,309.0,3.3,4.0,true wireless earbuds,enhanced_scrape,,,,,,,,,0.0,,,0.0,0.0,1.0,0.0,0.0,0.0,,,China,,,,0,0,0,0,0,0.0,B0GSBY5874,M19,Affordable wireless earbuds with Bluetooth connectivity
,"M19 Wireless Earbuds, Bluetooth 5.3, Touch Controls, Noise Cancelling, Bass Boost, with Mic, LED Power Display Charging Case, Black",M19,339.0,,0.0,true wireless earbuds,enhanced_scrape,,,,,,5.3,,,1.0,,,0.0,0.0,1.0,0.0,0.0,0.0,,,China,,,,0,0,0,0,0,0.0,B0GSBRS9H1,M19,"Active Noise Cancellation for immersive listening | Latest Bluetooth v5.3 for stable, efficient connection"
,Mivi DuoPods Marathon Earbuds Wireless | Fast Charge | 70H Playtime | BT v5.3 | 13mm Drivers | Noise Cancellation | IPX4.0 TWS,Mivi,899.0,4.4,732.0,true wireless earbuds,enhanced_scrape,,,70.0,,13.0,5.3,,IPX4,1.0,,4.0,0.0,0.0,0.0,0.0,1.0,0.0,,,India,,,,0,0,0,0,0,1.0,B0FTFGJ495,Mivi India,"Exceptional 70H battery — great for all-day use | Active Noise Cancellation for immersive listening | Fast charging — minimal downtime between uses | IP4 water resistance — safe for workouts and rain | 13mm driver for rich, detailed sound | Latest Bluetooth v5.3 for stable, efficient connection | Highly rated 4.4/5 by customers"
,Mivi DuoPods Echo | AI-ENC Calls| IPX 4.0 Earphone Wireless | 13mm Drivers Earbuds | TWS Earphone Wireless with Bluetooth 5.3 | Made in India | 1 Year Warranty | 60 Hours Playtime,Mivi,799.0,4.3,339.0,true wireless earbuds,enhanced_scrape,,,60.0,,13.0,5.3,,IPX4,0.0,,4.0,0.0,0.0,0.0,0.0,0.0,0.0,,,India,,,,1,0,0,0,0,0.0,B0FTF786Q8,Mivi India,"Exceptional 60H battery — great for all-day use | 13mm driver for rich, detailed sound | Latest Bluetooth v5.3 for stable, efficient connection | Highly rated 4.3/5 by customers"
,Mivi DuoPods Sync in Ear Earbuds | 60H Playtime Bluetooth Earphones Wireless | Earbuds ENC for Clear Calls | 13mm Drivers Ear Buds Wireless | Gaming Mode | BT 5.3 TWS ENC Earbuds Style | Earpods,Mivi,999.0,4.2,651.0,true wireless earbuds,enhanced_scrape,,,60.0,,13.0,5.3,,,0.0,,,0.0,0.0,0.0,0.0,0.0,0.0,,,India,,,,1,1,0,0,0,0.0,B0G2GGLTMF,Mivi India,"Exceptional 60H battery — great for all-day use | 13mm driver for rich, detailed sound | Latest Bluetooth v5.3 for stable, efficient connection | Highly rated 4.2/5 by customers"
,Noise Buds Mini Truly Wireless Earbuds (2026) | Half in-Ear Design | 40H Playtime | Quad Mic ENC for Clear Calls | 13mm Driver | Low Latency Gaming Mode | BT v5.3 | IPX4 Sweat Resistant - Calm Lilac,Noise,899.0,5.0,1.0,true wireless earbuds,enhanced_scrape,,,40.0,,13.0,5.3,,IPX4,0.0,,4.0,0.0,0.0,0.0,0.0,0.0,0.0,,,India,,,,1,1,0,0,0,1.0,B0GCNML31G,Go Noise Pvt Ltd,"Long 40H battery life for extended listening | IP4 water resistance — safe for workouts and rain | 13mm driver for rich, detailed sound | Latest Bluetooth v5.3 for stable, efficient connection | Highly rated 5.0/5 by customers"
,"Noise Master Buds 2 with Sound by Bose (2026),51dB Adaptive ANC, Hi-Res LHDC Audio,360° Spatial Audio with Head Tracking, 6-mic ENC, Dual Pairing, Fast Charge & BT v6.1 (Carbon)",Noise,8999.0,4.7,143.0,unknown,enhanced_scrape,,,,,,6.1,,,1.0,,,0.0,0.0,0.0,0.0,1.0,1.0,,,India,,,,1,0,1,1,0,0.0,B0G2C8MR7L,Go Noise Pvt Ltd,"Active Noise Cancellation (51db adaptive anc) blocks out distractions | Fast charging — minimal downtime between uses | Spatial/3D audio for an immersive sound experience | Hi-Res audio (LDAC/LHDC) for studio-quality sound | Latest Bluetooth v6.1 for stable, efficient connection | Multipoint connection — pair with two devices simultaneously | Highly rated 4.7/5 by customers"
,"Noise Pop Buds Truly Wireless Earbuds with 50H of Playtime, Quad Mic with ENC, Instacharge(10 Min=150 Min) Bluetooth V5.3(Lilac Pop) True Wireless",Noise,999.0,4.1,178.0,true wireless earbuds,enhanced_scrape,,,50.0,,,5.3,,,0.0,,,0.0,0.0,0.0,0.0,1.0,0.0,,,India,,,,1,0,0,0,0,0.0,B0CYPZGB8W,Go Noise Pvt Ltd,"Long 50H battery life for extended listening | Fast charging — minimal downtime between uses | Latest Bluetooth v5.3 for stable, efficient connection | Well-rated at 4.1/5 stars"
,"Noise Newly Launch Buds Play Truly Wireless Earbuds with 40H of Playtime, Quad Mic with ENC, Low Latency for Gaming (Up to 50 Ms), 13mm Driver, BT V6.0(Chalk White)",Noise,1199.0,4.1,246.0,true wireless earbuds,enhanced_scrape,,,40.0,,13.0,6.0,,,0.0,,,0.0,0.0,0.0,0.0,0.0,0.0,,,India,,,,1,1,0,0,0,0.0,B0FZ9WRMLN,Go Noise Pvt Ltd,"Long 40H battery life for extended listening | 13mm driver for rich, detailed sound | Latest Bluetooth v6.0 for stable, efficient connection | Well-rated at 4.1/5 stars"
,"Noise Newly Launched Buds Connect 3 Truly Wireless Earbuds with 40H of Playtime, Quad Mic with ENC, Low Latency, 10mm Driver, BT V5.4(Dusty Rose)",Noise,1299.0,4.0,17.0,true wireless earbuds,enhanced_scrape,,,40.0,,10.0,5.4,,,0.0,,,0.0,0.0,0.0,0.0,0.0,0.0,,,India,,,,1,0,0,0,0,0.0,B0FZ9RSSWZ,Go Noise Pvt Ltd,"Long 40H battery life for extended listening | 10mm driver for rich, detailed sound | Latest Bluetooth v5.4 for stable, efficient connection | Well-rated at 4.0/5 stars"
,"Noise Newly Launched Buds VS601 in Ear Truly Wireless Earbuds with 50H of Playtime, Transparent Case Lid, Quad Mic ENC, Dual Device Pairing, 10Mm Driver, BT V5.3 (Copper Brown)",Noise,1399.0,4.0,1161.0,true wireless earbuds,enhanced_scrape,,,50.0,,10.0,5.3,,,0.0,,,0.0,0.0,0.0,0.0,0.0,1.0,,,India,,,,1,0,0,0,0,0.0,B0FHW7PX1N,Go Noise Pvt Ltd,"Long 50H battery life for extended listening | 10mm driver for rich, detailed sound | Latest Bluetooth v5.3 for stable, efficient connection | Multipoint connection — pair with two devices simultaneously | Well-rated at 4.0/5 stars | Popular choice with 1,161+ reviews"
,"Noise Newly Launched Buds Connect 3 Truly Wireless Earbuds with 40H of Playtime, Quad Mic with ENC, Low Latency, 10mm Driver, BT V5.4(Sage Green)",Noise,1299.0,4.0,17.0,true wireless earbuds,enhanced_scrape,,,40.0,,10.0,5.4,,,0.0,,,0.0,0.0,0.0,0.0,0.0,0.0,,,India,,,,1,0,0,0,0,0.0,B0FZ9XV1KD,Go Noise Pvt Ltd,"Long 40H battery life for extended listening | 10mm driver for rich, detailed sound | Latest Bluetooth v5.4 for stable, efficient connection | Well-rated at 4.0/5 stars"
,"Noise Airwave Bluetooth in Ear Neckband with 50H of Playtime, 3 EQ Modes, ENC for Calling, Low Latency(Upto 50ms), 10mm Driver, BT v5.3(Ice Blue)",Noise,999.0,3.9,18939.0,neckband,enhanced_scrape,,,50.0,,10.0,5.3,,,0.0,,,0.0,0.0,0.0,0.0,0.0,0.0,,,India,,,3.0,1,0,0,0,0,0.0,B0CMTXW7JP,Go Noise Pvt Ltd,"Long 50H battery life for extended listening | 10mm driver for rich, detailed sound | Latest Bluetooth v5.3 for stable, efficient connection | Trusted by 18,939+ buyers"
,"Noise Master Buds, Sound by Bose in-Ear Bluetooth Earbuds, Up to 49dB Adaptive ANC, LHDC 5.0, Immersive Spatial Audio, 44H Playtime with 6 mic ENC, Dual Pairing, IPX5 Ear Buds TWS (Espresso Bronze)",Noise,5999.0,3.9,1673.0,true wireless earbuds,enhanced_scrape,,,44.0,,,,6 mics,IPX5,1.0,,5.0,0.0,0.0,0.0,0.0,0.0,1.0,,,India,,,,1,0,1,1,0,1.0,B0FH73TTNN,Go Noise Pvt Ltd,"Long 44H battery life for extended listening | Active Noise Cancellation (49db adaptive anc) blocks out distractions | Spatial/3D audio for an immersive sound experience | Hi-Res audio (LDAC/LHDC) for studio-quality sound | IP5 water resistance — safe for workouts and rain | 6-mic array with ENC for crystal-clear calls | Multipoint connection — pair with two devices simultaneously | Popular choice with 1,673+ reviews"
,"Noise Buds N1 Truly Wireless Earbuds with Chrome Finish, 40H of Playtime, Quad Mic with ENC, Ultra Low Latency Gaming (Up to 40 Ms), Instacharge(10 Min=120 Min), Bluetooth V5.3(Ice Blue)",Noise,1199.0,3.8,15089.0,true wireless earbuds,enhanced_scrape,,,40.0,,,5.3,,,0.0,,,0.0,0.0,0.0,0.0,1.0,0.0,,,India,,,,1,1,0,0,0,0.0,B0CQJZD55X,Go Noise Pvt Ltd,"Long 40H battery life for extended listening | Fast charging — minimal downtime between uses | Latest Bluetooth v5.3 for stable, efficient connection | Trusted by 15,089+ buyers"
,"Noise Buds N1 Pro Truly Wireless Earbuds with Metallic Finish, ANC(Upto 30Db), 60H of Playtime, Dual Pairing, Instacharge(10 Min=200 Min), BT V5.3(Chrome Beige)",Noise,1399.0,3.8,8463.0,true wireless earbuds,enhanced_scrape,,,60.0,,,5.3,,,1.0,,,0.0,0.0,0.0,0.0,1.0,1.0,,,India,,,,0,0,0,0,0,0.0,B0D4QNLF6Y,Go Noise Pvt Ltd,"Exceptional 60H battery — great for all-day use | Active Noise Cancellation for immersive listening | Fast charging — minimal downtime between uses | Latest Bluetooth v5.3 for stable, efficient connection | Multipoint connection — pair with two devices simultaneously | Popular choice with 8,463+ reviews"
,"Noise Buds VS104 Truly Wireless Earbuds with 45H of Playtime, Quad Mic with ENC, Instacharge(10 Min=200 Min), 13Mm Driver, Low Latency, BT V5.2 (Mint Green)",Noise,899.0,3.8,29550.0,true wireless earbuds,enhanced_scrape,,,45.0,,13.0,5.2,,,0.0,,,0.0,0.0,0.0,0.0,1.0,0.0,,,India,,,,1,0,0,0,0,0.0,B09Y5MK1KB,Go Noise Pvt Ltd,"Long 45H battery life for extended listening | Fast charging — minimal downtime between uses | 13mm driver for rich, detailed sound | Trusted by 29,550+ buyers"
,"Noise Buds N1 Truly Wireless Earbuds with Chrome Finish, 40H of Playtime, Quad Mic with ENC, Ultra Low Latency Gaming (Up to 40 Ms), Instacharge(10 Min=120 Min), Bluetooth V5.3(Forest Green)",Noise,1199.0,3.8,15089.0,true wireless earbuds,enhanced_scrape,,,40.0,,,5.3,,,0.0,,,0.0,0.0,0.0,0.0,1.0,0.0,,,India,,,,1,1,0,0,0,0.0,B0CQJWQWD9,Go Noise Pvt Ltd,"Long 40H battery life for extended listening | Fast charging — minimal downtime between uses | Latest Bluetooth v5.3 for stable, efficient connection | Trusted by 15,089+ buyers"
,"Noise Buds VS102 Plus Wireless Earbuds, Bluetooth Earbuds with 70H Playtime, Quad Mic ENC for Clear Calls, 11mm Drivers, Deep Bass, Instacharge, Bluetooth v5.3 (Deep Wine)",Noise,1199.0,3.7,6940.0,true wireless earbuds,enhanced_scrape,,,70.0,,11.0,5.3,,,0.0,,,0.0,0.0,0.0,0.0,1.0,0.0,,,India,,,,1,0,0,0,0,0.0,B0DS2XNXZB,Go Noise Pvt Ltd,"Exceptional 70H battery — great for all-day use | Fast charging — minimal downtime between uses | 11mm driver for rich, detailed sound | Latest Bluetooth v5.3 for stable, efficient connection | Popular choice with 6,940+ reviews"
,"Noise Newly Launched Buds E1 in-Ear Truly Wireless Earbuds with Pebble Grain Design, 35H of Playtime, Quad mic ENC,10mm Driver, Low Latency, BT v5.3 (Charcoal Black)",Noise,999.0,3.5,255.0,true wireless earbuds,enhanced_scrape,,,35.0,,10.0,5.3,,,0.0,,,0.0,0.0,0.0,0.0,0.0,0.0,,,India,,,,1,0,0,0,0,0.0,B0F9PKTL7J,Go Noise Pvt Ltd,"Decent 35H playtime for daily commutes | 10mm driver for rich, detailed sound | Latest Bluetooth v5.3 for stable, efficient connection"
,"Noise Airwave Pro Bluetooth in Ear Neckband with Upto 32 dB ANC, 60H of Playtime, Dual Device Pairing, 3 Mic ENC for Calling, Low Latency(Upto 40ms), 13mm Driver (Metallic Blue)",Noise,1299.0,3.5,1297.0,neckband,enhanced_scrape,,,60.0,,13.0,,3 mics,,1.0,,,0.0,0.0,0.0,0.0,0.0,1.0,32.0,,India,,,,1,0,0,0,0,0.0,B0D25PCFXZ,Go Noise Pvt Ltd,"Exceptional 60H battery — great for all-day use | Active Noise Cancellation (32 db anc) blocks out distractions | Built-in 3 mics for hands-free calling | 13mm driver for rich, detailed sound | Multipoint connection — pair with two devices simultaneously | Popular choice with 1,297+ reviews"
,"Noise Pure Pods Wireless Open Ear Earbuds with AirWave™ Technology,Up-to 80H Playtime,Quad Mic with ENC,16mm Neodymium Dynamic Driver,Detachable Pure Band,BTv5.3 (Power Black)",Noise,2999.0,3.3,3340.0,true wireless earbuds,enhanced_scrape,,,80.0,,,5.3,,,0.0,,,0.0,0.0,0.0,0.0,0.0,0.0,,,India,,,,1,0,0,0,0,0.0,B0CFYJ8HRS,Go Noise Pvt Ltd,"Exceptional 80H battery — great for all-day use | Latest Bluetooth v5.3 for stable, efficient connection | Popular choice with 3,340+ reviews"
,"Noise Newly Launched Air Clips 2 Wireless OpenEar Earbuds with ClipDesign, AirWave™ Technology,Up-to 40H Playtime, Dual Device Pairing, ENC,12mm Driver,BTv5.3 (Frost Green), ‎AUD-HDPHN-AIRCLIPS-2-GRN",Noise,2499.0,3.0,415.0,true wireless earbuds,enhanced_scrape,,,40.0,,12.0,5.3,,,0.0,,,0.0,0.0,0.0,0.0,0.0,1.0,,,India,,,,1,0,0,0,0,0.0,B0F66WW9PX,Go Noise Pvt Ltd,"Long 40H battery life for extended listening | 12mm driver for rich, detailed sound | Latest Bluetooth v5.3 for stable, efficient connection | Multipoint connection — pair with two devices simultaneously"
,"OnePlus Nord Buds 3r TWS Earbuds up to 54 Hours Playback, 2-mic Clear Calls, 3D Spatial Audio, AI Translation, 12.4mm Drivers, Dual-Device Connectivity, 47ms Low Latency - Ash Black",OnePlus,1999.0,4.3,42681.0,true wireless earbuds,enhanced_scrape,,,54.0,,12.4,,,,0.0,,,0.0,0.0,0.0,0.0,0.0,0.0,,47.0,China,,,,1,0,0,1,1,0.0,B0FMDL81GS,BBK Electronics,"Long 54H battery life for extended listening | Ultra-low 47ms latency — ideal for gaming and video | Spatial/3D audio for an immersive sound experience | 12.4mm driver for rich, detailed sound | Highly rated 4.3/5 by customers | Trusted by 42,681+ buyers"
,"OnePlus Nord Buds 3 Truly Wireless Bluetooth Earbuds with up to 32dB Active Noise Cancellation, 10mins for 11Hours Fast Charging with Up to 43h Music Playback -Melodic White",OnePlus,2499.0,4.3,19365.0,true wireless earbuds,enhanced_scrape,,,11.0,,,,,,1.0,,,0.0,0.0,0.0,0.0,1.0,0.0,,,China,11.0,,,0,0,0,0,0,0.0,B0DFPKVGVC,BBK Electronics,"Active Noise Cancellation for immersive listening | Fast charging — minimal downtime between uses | Highly rated 4.3/5 by customers | Trusted by 19,365+ buyers"
,"OnePlus Buds 4 TWS Earbuds with Upto 55dB Real-time ANC, Adaptive Mode, Dual Drivers and DACs, 3D Audio, Upto 45hrs Music Playback, Dual-Device connectivity, 47ms Low Latency, Storm Gray",OnePlus,6499.0,4.3,2173.0,true wireless earbuds,enhanced_scrape,,,45.0,,,,,,1.0,,,0.0,0.0,0.0,0.0,0.0,0.0,,47.0,China,,,,1,0,0,1,1,0.0,B0FCMPJQ1J,BBK Electronics,"Long 45H battery life for extended listening | Active Noise Cancellation for immersive listening | Ultra-low 47ms latency — ideal for gaming and video | Spatial/3D audio for an immersive sound experience | Highly rated 4.3/5 by customers | Popular choice with 2,173+ reviews"
,"OnePlus Nord Buds 4 Pro TWS Earbuds, Upto 55dB Real-time ANC, Adaptive Mode, 12mm Titanium-Coated Driver, Spatial Audio, Upto 54hrs Playback, Dual-Device connectivity, 47ms Low Latency, Raven Black",OnePlus,3999.0,4.2,221.0,true wireless earbuds,enhanced_scrape,,,54.0,,,,,,1.0,,,0.0,0.0,0.0,0.0,0.0,0.0,,47.0,China,,,,1,0,0,1,1,0.0,B0GQTSHLLR,BBK Electronics,Long 54H battery life for extended listening | Active Noise Cancellation for immersive listening | Ultra-low 47ms latency — ideal for gaming and video | Spatial/3D audio for an immersive sound experience | Highly rated 4.2/5 by customers
,"OnePlus Bullets Wireless Z3 in-Ear Neckband with 12.4mm Drivers, 3D Spatial Audio,10 mins Charge for 27 hrs Playback, 4 EQ preset, Dynamic bass Enhancement & BT5.4",OnePlus,1799.0,4.1,228259.0,true wireless earbuds,enhanced_scrape,,,27.0,,12.4,5.4,,,1.0,,,0.0,0.0,0.0,0.0,0.0,0.0,,,China,,,,0,0,0,1,0,0.0,B0FBRGKXHG,BBK Electronics,"Decent 27H playtime for daily commutes | Active Noise Cancellation for immersive listening | Spatial/3D audio for an immersive sound experience | 12.4mm driver for rich, detailed sound | Latest Bluetooth v5.4 for stable, efficient connection | Well-rated at 4.1/5 stars | Trusted by 228,259+ buyers"
,"Original Earphone Compatible with OnePlus Bullets Wireless Z2 ANC Bluetooth in Ear Earphones with Mic, 45dB Hybrid ANC, Bombastic Bass - 12.4 mm Drivers, 10 Mins Charge (Black)",Original,999.0,3.9,107.0,unknown,enhanced_scrape,,,,,12.4,,,,1.0,,,0.0,0.0,0.0,0.0,0.0,0.0,45.0,,Unknown,,,,0,0,0,0,0,0.0,B0GVPMYH4Y,Original,"Active Noise Cancellation (45db hybrid anc) blocks out distractions | 12.4mm driver for rich, detailed sound"
,"PHILIPS TAT1108WT/00 True Wireless Earbuds, In-Ear, Bluetooth v5.3, Earphones with Mic, 15H Playback,Shank Shape, IPX4, Button Controls, Comfortable Fit, AI Mic for Crystal Clear Sound Quality (White)",PHILIPS,1099.0,4.1,11099.0,true wireless earbuds,enhanced_scrape,,,15.0,,,5.3,,IPX4,0.0,,4.0,0.0,0.0,0.0,0.0,0.0,0.0,,,Netherlands,,,,0,0,0,0,0,1.0,B0CCYH54YV,Koninklijke Philips N.V.,"IP4 water resistance — safe for workouts and rain | Latest Bluetooth v5.3 for stable, efficient connection | Well-rated at 4.1/5 stars | Trusted by 11,099+ buyers"
,"Philips TAT1269 Bluetooth Truly Wireless in Ear Earbuds with mic, 13mm Drivers, Bluetooth 5.4, 40H Playtime, IPX5, Fast Charging, Touch Controls, Voice Assistant, Mono Mode, LED Indicator (Deep Black)",Philips,999.0,3.9,472.0,true wireless earbuds,enhanced_scrape,,,40.0,,13.0,5.4,,IPX5,0.0,,5.0,0.0,0.0,1.0,1.0,1.0,0.0,,,Netherlands,,,,0,0,0,0,0,1.0,B0FHKHT717,Koninklijke Philips N.V.,"Long 40H battery life for extended listening | Fast charging — minimal downtime between uses | IP5 water resistance — safe for workouts and rain | 13mm driver for rich, detailed sound | Latest Bluetooth v5.4 for stable, efficient connection"
,"Philips TAT1269 Bluetooth Truly Wireless in Ear Earbuds with mic, 13mm Drivers, Bluetooth 5.4, 40H Playtime, IPX5, Fast Charging, Touch Controls, Voice Assistant, Mono Mode, LED Indicator(Cosmic Blue)",Philips,999.0,3.9,472.0,true wireless earbuds,enhanced_scrape,,,40.0,,13.0,5.4,,IPX5,0.0,,5.0,0.0,0.0,1.0,1.0,1.0,0.0,,,Netherlands,,,,0,0,0,0,0,1.0,B0GK7LB2L2,Koninklijke Philips N.V.,"Long 40H battery life for extended listening | Fast charging — minimal downtime between uses | IP5 water resistance — safe for workouts and rain | 13mm driver for rich, detailed sound | Latest Bluetooth v5.4 for stable, efficient connection"
,"Portronics Harmonics Z7 Bluetooth Wireless in Ear Earphones with Upto 40 Hours Playback, 10mm Dynamic Driver, Gaming Mode, High Bass, IPX4 Water and Sweat Resistant, Type C Fast Charging(Black)",Portronics,605.0,4.0,3460.0,unknown,enhanced_scrape,,,40.0,,,,,IPX4,0.0,,4.0,0.0,0.0,0.0,0.0,1.0,0.0,,,India,,,,0,1,0,0,0,1.0,B0C9V3437T,Portronics Digital Pvt Ltd,"Long 40H battery life for extended listening | Fast charging — minimal downtime between uses | IP4 water resistance — safe for workouts and rain | Well-rated at 4.0/5 stars | Popular choice with 3,460+ reviews"
,"Portronics Harmonics Z5 Wireless Bluetooth Stereo Headset with 33Hrs Playtime, Double EQ Mode, 14.2 mm Dynamic Drivers, Click Action Buttons(Black)",Portronics,639.0,4.0,2073.0,unknown,enhanced_scrape,,,33.0,,,,,,0.0,,,0.0,0.0,0.0,0.0,0.0,0.0,,,India,,,,0,0,0,0,0,0.0,B0BJDKG3GZ,Portronics Digital Pvt Ltd,"Decent 33H playtime for daily commutes | Well-rated at 4.0/5 stars | Popular choice with 2,073+ reviews"
,"Portronics Harmonics Twins S18 in Ear TWS Earbuds with 30H Playtime, in Built HD Mic, Game/Music Mode, 13mm Dynamic Driver, Low Latency, Touch Control, Type C Fast Charging, Light Weight(Black)",Portronics,648.0,4.0,976.0,true wireless earbuds,enhanced_scrape,,,30.0,,,,,,0.0,,,0.0,0.0,1.0,0.0,1.0,0.0,,,India,,,,1,0,0,0,0,0.0,B0DB8SYVN7,Portronics Digital Pvt Ltd,Decent 30H playtime for daily commutes | Fast charging — minimal downtime between uses | Well-rated at 4.0/5 stars
,"Portronics Harmonics Twins S13 in Ear True Wireless Earbuds with Mic, 24H Playtime, Game/Music Mode, Touch Control, 8mm Driver, Bluetooth 5.3v,IPX5 Water Resistance, Type C Fast Charging(Green)",Portronics,599.0,4.0,543.0,true wireless earbuds,enhanced_scrape,,,24.0,,8.0,5.3,,IPX5,1.0,,5.0,0.0,0.0,1.0,0.0,1.0,0.0,,,India,,,,0,0,0,0,0,1.0,B0CV5NFMRX,Portronics Digital Pvt Ltd,"Decent 24H playtime for daily commutes | Active Noise Cancellation for immersive listening | Fast charging — minimal downtime between uses | IP5 water resistance — safe for workouts and rain | 8mm driver for rich, detailed sound | Latest Bluetooth v5.3 for stable, efficient connection | Well-rated at 4.0/5 stars"
,"Portronics Harmonics Twins S16 in Ear Wireless TWS Earbuds with 24 Hrs Playtime, Clear Calls, Game & Music Mode, Low Latency, Bluetooth 5.3v, LED Display, Type C Fast Charging(Blue)",Portronics,699.0,3.9,1340.0,true wireless earbuds,enhanced_scrape,,,24.0,,,5.3,,,0.0,,,0.0,0.0,0.0,0.0,1.0,0.0,,,India,,,,1,0,0,0,0,0.0,B0CTTS6DRN,Portronics Digital Pvt Ltd,"Decent 24H playtime for daily commutes | Fast charging — minimal downtime between uses | Latest Bluetooth v5.3 for stable, efficient connection | Popular choice with 1,340+ reviews"
,"PrimeeVaultt Wireless In Ear Earbuds, Bluetooth 5.1 TWS Earphones With Built-in Mic, Long Playtime, Fast Charging, Smart Touch Control, 12mm Driver (Black)",PrimeeVaultt,269.0,2.8,11.0,true wireless earbuds,enhanced_scrape,,,,,12.0,5.1,,,0.0,,,0.0,0.0,1.0,0.0,1.0,0.0,,,China,,,,0,0,0,0,0,0.0,B0GS5N3LPL,PrimeeVaultt,"Fast charging — minimal downtime between uses | 12mm driver for rich, detailed sound"
,"Sennheiser ACCENTUM True Wireless Earbuds, BT v5.3 Auracast & LE Audio, TrueResponse Drivers, Hybrid ANC + Transparency Mode, 28 Hr Battery, Qi & USB‑C Charging, Touch Control, 2Y Warranty, Black",Sennheiser,9990.0,3.8,534.0,true wireless earbuds,enhanced_scrape,,,28.0,,,5.3,,,1.0,,,0.0,0.0,1.0,0.0,0.0,0.0,,,Germany,,,,1,0,0,0,0,0.0,B0D17CVCYX,Sennheiser Electronic GmbH,"Decent 28H playtime for daily commutes | Active Noise Cancellation for immersive listening | Latest Bluetooth v5.3 for stable, efficient connection"
,ShreeADR Wireless Earbuds Bluetooth 5.3 TWS Earphones Full Touch Control Headphones Built-in Microphone Premium Sound Quality Ensure Fast Stable & Connection With Type C Charger,ShreeADR,349.0,5.0,9.0,true wireless earbuds,enhanced_scrape,,,,,,5.3,,,0.0,,,0.0,0.0,1.0,0.0,0.0,0.0,,,China,,,,0,0,0,0,0,0.0,B0GV4P5NCM,ShreeADR,"Latest Bluetooth v5.3 for stable, efficient connection | Highly rated 5.0/5 by customers"
,"ShreeADR UrbanBeats Sport Series Wireless Bluetooth Neckband Earphones – 370H Standby, Long Battery Backup, Lightweight Wireless In-Ear Headphones with Mic, Deep Bass, Sweat-Resistant for Sports & Running (Black)",ShreeADR,259.0,3.6,15.0,true wireless earbuds,enhanced_scrape,,,370.0,,,,,,0.0,,,0.0,0.0,0.0,0.0,0.0,0.0,,,China,,,,0,0,0,0,0,0.0,B0GPJTNH9F,ShreeADR,Exceptional 370H battery — great for all-day use
,"Sounce Earphone Case Cover Compatible for Boat Airdopes 141, Soft Silicone Skin Case Cover Shock-Absorbing Protective Case with Keychain [Front LED Visible] Black",Sounce,149.0,4.0,1330.0,unknown,enhanced_scrape,,,,,,,,,0.0,,,0.0,0.0,0.0,0.0,0.0,0.0,,,Unknown,,,,0,0,0,0,0,0.0,B09WRKHZ93,Sounce,"Well-rated at 4.0/5 stars | Popular choice with 1,330+ reviews"
,VARNIADR Wireless Earbuds Bluetooth 5.3 TWS Earphones Full Touch Control Headphones Built-in Microphone Premium Sound Quality Ensure Fast Stable & Connection With Type C Charger,VARNIADR,349.0,5.0,3.0,true wireless earbuds,enhanced_scrape,,,,,,5.3,,,0.0,,,0.0,0.0,1.0,0.0,0.0,0.0,,,China,,,,0,0,0,0,0,0.0,B0GXNT6HDR,VARNIADR,"Latest Bluetooth v5.3 for stable, efficient connection | Highly rated 5.0/5 by customers"
,VarniADR Wireless Earbuds Bluetooth 5.3 TWS Earphones Full Touch Control Headphones Built-in Microphone Premium Sound Quality Ensure Fast Stable & Connection With Type C Charger,VarniADR,351.0,3.9,15.0,true wireless earbuds,enhanced_scrape,,,,,,5.3,,,0.0,,,0.0,0.0,1.0,0.0,0.0,0.0,,,China,,,,0,0,0,0,0,0.0,B0GS6113PR,VarniADR,"Latest Bluetooth v5.3 for stable, efficient connection"
,"WeCool Moonwalk Mini New Open Ear Earbuds Wireless with Call Noise Reduction, 60H Playtime Bluetooth 5.4 Ows Earphones with 360° Panoramic Sound, 16mm Drive Ear Safe Headphones with Mic, IP55",WeCool,1379.0,3.7,536.0,true wireless earbuds,enhanced_scrape,,,60.0,,,5.4,,,0.0,,,0.0,0.0,0.0,0.0,0.0,0.0,,,India,,,,0,0,0,0,0,1.0,B0FXX3XJMZ,WeCool Mobiles,"Exceptional 60H battery — great for all-day use | IP55 water resistance — safe for workouts and rain | Latest Bluetooth v5.4 for stable, efficient connection"
,Wireless Earbuds Bluetooth 5.1 TWS Earphones Full Touch Control Headphones Built-in Microphone Immersive Sound Quality Ensure Fast Stable & Connection Smart LED Headset Sports Bud (White),Wireless,279.0,5.0,1.0,true wireless earbuds,enhanced_scrape,,,,,,5.1,,,0.0,,,0.0,0.0,1.0,0.0,0.0,0.0,,,China,,,,0,0,0,0,0,0.0,B0GPDJBXWQ,Wireless,Highly rated 5.0/5 by customers
,Wireless Earbuds Bluetooth 5.1 TWS Earphones Full Touch Control Headphones Built-in Microphone Immersive Sound Quality Ensure Fast Stable & Connection Smart LED Headset Sports Bud,Wireless,269.0,5.0,1.0,true wireless earbuds,enhanced_scrape,,,,,,5.1,,,0.0,,,0.0,0.0,1.0,0.0,0.0,0.0,,,China,,,,0,0,0,0,0,0.0,B0GR9XZDHH,Wireless,Highly rated 5.0/5 by customers
,Wireless Earbuds Bluetooth 5.3 TWS Earphones Full Touch Control Headphones Fast Stable & Connection Smart LED Headset Sports Bud Built-in Microphone Immersive Sound Quality Ensure,Wireless,299.0,4.0,2.0,true wireless earbuds,enhanced_scrape,,,,,,5.3,,,0.0,,,0.0,0.0,1.0,0.0,0.0,0.0,,,China,,,,0,0,0,0,0,0.0,B0GQZ6G53J,Wireless,"Latest Bluetooth v5.3 for stable, efficient connection | Well-rated at 4.0/5 stars"
,Wireless Earbuds Bluetooth 5.1 TWS Earphones Full Touch Control Headphones Built-in Microphone Immersive Sound Quality Ensure Fast Stable & Connection Smart LED Headset Sports Bud (Black),Wireless,279.0,1.0,1.0,true wireless earbuds,enhanced_scrape,,,,,,5.1,,,0.0,,,0.0,0.0,1.0,0.0,0.0,0.0,,,China,,,,0,0,0,0,0,0.0,B0GSFG8G8S,Wireless,Affordable wireless earbuds with Bluetooth connectivity
,Wireless Earbuds Bluetooth 5.1 TWS Earphones Full Touch Control Headphones Built-in Microphone Immersive Sound Quality Ensure Fast Stable & Connection Smart LED Headset Sports Earbuds,Wireless,299.0,1.0,1.0,true wireless earbuds,enhanced_scrape,,,,,,5.1,,,0.0,,,0.0,0.0,1.0,0.0,0.0,0.0,,,China,,,,0,0,0,0,0,0.0,B0GW2J3KVQ,Wireless,Affordable wireless earbuds with Bluetooth connectivity
,Wireless Earbuds Bluetooth 5.1 TWS Earphones Full Touch Control Headphones Built-in Microphone & Connection Smart LED Headset Sports Bud,Wireless,249.0,,0.0,true wireless earbuds,enhanced_scrape,,,,,,5.1,,,0.0,,,0.0,0.0,1.0,0.0,0.0,0.0,,,China,,,,0,0,0,0,0,0.0,B0GSZYY6DF,Wireless,Affordable wireless earbuds with Bluetooth connectivity
,"ZEBRONICS Zeb-Evolve BTv5.0, Voice Assistant, Rapid Charge, Dual Pairing, Call Function, Magnetic Earpiece Bluetooth Wireless in Ear Earphones with Mic (Metallic Green)",ZEBRONICS,449.0,3.8,2026.0,unknown,enhanced_scrape,,,,,,5.0,,,0.0,,,0.0,0.0,0.0,1.0,1.0,1.0,,,India,,,,0,0,0,0,0,0.0,B09GFVB6N8,Zebronics India,"Fast charging — minimal downtime between uses | Multipoint connection — pair with two devices simultaneously | Popular choice with 2,026+ reviews"
,"ZEBRONICS Sound Bomb 7 Bluetooth TWS in Ear Earbuds with 60H Playtime, ENC Mic, Rapid Charge, Upto 50ms Gaming Mode, Flash Connect, Voice Assistant, Smooth Touch Control, BT v5.2, Type C (White)",ZEBRONICS,799.0,3.8,2752.0,true wireless earbuds,enhanced_scrape,,,60.0,,,5.2,,,0.0,,,0.0,0.0,1.0,1.0,1.0,0.0,,,India,,,,1,1,0,0,0,0.0,B09Z838S32,Zebronics India,"Exceptional 60H battery — great for all-day use | Fast charging — minimal downtime between uses | Popular choice with 2,752+ reviews"
,"boAt Airdopes Prime 512 (2026 Launch) Volume Swipe Control, 4Mics AI-ENx, 50H Battery, Multi Connect, App Support, BT v6.1, Bluetooth Earbuds, TWS Ear Buds Wireless Earphones with mic(Midnight Pebble)",boAt,1599.0,4.3,50.0,true wireless earbuds,enhanced_scrape,,,50.0,,,6.1,4 mics,,0.0,,,0.0,0.0,0.0,0.0,0.0,0.0,,,India,,,,0,0,0,0,0,0.0,B0G2S349C4,Imagine Marketing Ltd,"Long 50H battery life for extended listening | 4-mic array with ENC for crystal-clear calls | Latest Bluetooth v6.1 for stable, efficient connection | Highly rated 4.3/5 by customers"
,"boAt 2026 Launch Nirvana Crown, SONIC ARC, LEDs, Haptic Feedback,50dB Hybrid ANC,Spatial Audio, 6 Mic ENx, App Support, v6.0 Bluetooth Earbuds, TWS Ear Buds Wireless Earphones with mic (Sapphire Blue)",boAt,2799.0,3.9,396.0,true wireless earbuds,enhanced_scrape,,,,,,,6 mics,,1.0,,,0.0,0.0,0.0,0.0,0.0,0.0,50.0,,India,,,,0,0,0,1,0,0.0,B0G2RZ9N63,Imagine Marketing Ltd,Active Noise Cancellation (50db hybrid anc) blocks out distractions | Spatial/3D audio for an immersive sound experience | 6-mic array with ENC for crystal-clear calls
,"boAt Airdopes 101v2, 35H Battery, ENx Tech, 13mm Drivers, ASAP Charge, Flex-Fit Ear Tips,Stream Ad Free Music via App Support, Bluetooth Earbuds, TWS Ear Buds Wireless Earphones with mic (Smoke White)",boAt,884.0,3.8,826.0,true wireless earbuds,enhanced_scrape,,,35.0,,13.0,,,,0.0,,,0.0,0.0,0.0,0.0,1.0,0.0,,,India,,,,0,0,0,0,0,0.0,B0DXPTTHDX,Imagine Marketing Ltd,"Decent 35H playtime for daily commutes | Fast charging — minimal downtime between uses | 13mm driver for rich, detailed sound"
,"boAt Airdopes Ace Gen 2 TWS Earbuds with 45H Battery, 4Mics ENx Tech, ASAP Charge, 13mm Drivers, 50 ms Low Latency, IPX5, Bluetooth Earbuds, TWS Ear Buds Wireless Earphones with mic (Shadow Black)",boAt,899.0,3.6,118.0,true wireless earbuds,enhanced_scrape,,,45.0,,13.0,,4 mics,IPX5,0.0,,5.0,0.0,0.0,0.0,0.0,1.0,0.0,,50.0,India,,,,1,0,0,0,1,1.0,B0G48KQKKF,Imagine Marketing Ltd,"Long 45H battery life for extended listening | Ultra-low 50ms latency — ideal for gaming and video | Fast charging — minimal downtime between uses | IP5 water resistance — safe for workouts and rain | 4-mic array with ENC for crystal-clear calls | 13mm driver for rich, detailed sound"
,for OnePlus Z2 Neckband Buds Bluetooth Lightweight Comfortable (Black) NB=JHDS,for,1299.0,,0.0,neckband,enhanced_scrape,,,,,,,,,0.0,,,0.0,0.0,0.0,0.0,0.0,0.0,,,Unknown,,,,0,0,0,0,0,0.0,B0GQM82K4D,for,Affordable wireless earbuds with Bluetooth connectivity
,"noot Products NP11 Wireless Bluetooth in-Ear Headphones with Mic, Volume & Remote Control IPX7 Sweatproof Earbuds for Sports, Running, Gym (B17)",noot,1199.0,,0.0,true wireless earbuds,enhanced_scrape,,,,,,,,IPX7,0.0,,7.0,0.0,0.0,0.0,0.0,0.0,0.0,,,India,,,,0,0,0,0,0,1.0,B0GN99GNR7,noot,IP7 water resistance — safe for workouts and rain
,"pTron Bassbuds Surge TWS Gaming Earbuds, 40ms Low-Latency, 50Hrs Playtime, Custom EQ, App Support, Dual Mic TruTalk AI-ENC Clear Calls, Pristine Sound, Bluetooth V6.0, IPX5 Water Resistant (Jet Black)",pTron,909.0,5.0,3.0,true wireless earbuds,enhanced_scrape,,,50.0,,,6.0,,IPX5,0.0,,5.0,0.0,0.0,0.0,0.0,0.0,0.0,,,India,,,,1,1,0,0,0,1.0,B0GPWQLL24,pTron India,"Long 50H battery life for extended listening | IP5 water resistance — safe for workouts and rain | Latest Bluetooth v6.0 for stable, efficient connection | Highly rated 5.0/5 by customers"
,"pTron Bassbuds Trendz Open Ear Wireless Earbuds, SafeBeats Design, HD Mics & TruTalk AI-ENC Calls, 45Hrs Playtime, App Support, 14.2mm Drivers, BT6.0 Headphones, Type C Charging & IPX5 (Pearl Black)",pTron,809.0,5.0,12.0,true wireless earbuds,enhanced_scrape,,,45.0,,14.2,6.0,,IPX5,0.0,,5.0,0.0,0.0,0.0,0.0,0.0,0.0,,,India,,,,1,0,0,0,0,1.0,B0GPW7S6CN,pTron India,"Long 45H battery life for extended listening | IP5 water resistance — safe for workouts and rain | 14.2mm driver for rich, detailed sound | Latest Bluetooth v6.0 for stable, efficient connection | Highly rated 5.0/5 by customers"
,"pTron Bassbuds Prism in-Ear TWS Ear Buds w/ 3D AudioScape, 45Hrs Playtime, TruTalk AI-ENC Calls, 50ms Low Latency Sync, BTv5.3, Snug-fit, Type-C Charging, Voice Asst. & IPX5 Water Resistant (Julep)",pTron,699.0,4.1,97.0,true wireless earbuds,enhanced_scrape,,,45.0,,,5.3,,IPX5,0.0,,5.0,0.0,0.0,0.0,0.0,0.0,0.0,,50.0,India,,,,1,0,0,1,1,1.0,B0GGQQ1B8H,pTron India,"Long 45H battery life for extended listening | Ultra-low 50ms latency — ideal for gaming and video | Spatial/3D audio for an immersive sound experience | IP5 water resistance — safe for workouts and rain | Latest Bluetooth v5.3 for stable, efficient connection | Well-rated at 4.1/5 stars"
,"pTron Bassbuds Spark in-Ear TWS Earbuds with Stereo Sound, 40Hrs Playtime, Stereo Calls, Bluetooth V5.3 Headphones with Quick Pairing, Touch Control, Voice Assistant, Type C Charging & IPX5 (Blue)",pTron,596.0,4.0,3783.0,true wireless earbuds,enhanced_scrape,,,40.0,,,5.3,,IPX5,0.0,,5.0,0.0,0.0,1.0,1.0,0.0,0.0,,,India,,,,0,0,0,0,0,1.0,B0F62DV6PQ,pTron India,"Long 40H battery life for extended listening | IP5 water resistance — safe for workouts and rain | Latest Bluetooth v5.3 for stable, efficient connection | Well-rated at 4.0/5 stars | Popular choice with 3,783+ reviews"
,"pTron Bassbuds Astra in-Ear TWS Earbuds w/Stereo Sound, 34Hrs Playtime, Stereo Calls, Custom EQ, Mobile App, BTv5.3 Headphones, Touch Control, Voice Assistant, Type C Charging & IPX4 (Black)",pTron,596.0,4.0,1963.0,true wireless earbuds,enhanced_scrape,,,34.0,,,5.3,,IPX4,0.0,,4.0,0.0,0.0,1.0,1.0,0.0,0.0,,,India,,,,0,0,0,0,0,1.0,B0D78XSMSM,pTron India,"Decent 34H playtime for daily commutes | IP4 water resistance — safe for workouts and rain | Latest Bluetooth v5.3 for stable, efficient connection | Well-rated at 4.0/5 stars | Popular choice with 1,963+ reviews"
,"pTron Tangent Evolve w/ 50Hrs Playtime, HD Mic, Pristine Sound, 14mm Drivers, Bluetooth V5.3 w/Dual-Device Pairing Wireless Neckband, Magnetic Buds, Voice Assistant,Type-C Fast Charging & IPX4(Black)",pTron,455.0,3.8,1390.0,neckband,enhanced_scrape,,,50.0,,14.0,5.3,,IPX4,0.0,,4.0,0.0,0.0,0.0,1.0,1.0,0.0,,,India,,,,0,0,0,0,0,1.0,B0DTJ67BMY,pTron India,"Long 50H battery life for extended listening | Fast charging — minimal downtime between uses | IP4 water resistance — safe for workouts and rain | 14mm driver for rich, detailed sound | Latest Bluetooth v5.3 for stable, efficient connection | Popular choice with 1,390+ reviews"
,"pTron Bassbuds Eon in-Ear TWS Earbuds w/ 13mm Drivers, 45Hrs Playtime, Dual HD Mic & TruTalk AI-ENC Calls, Custom EQ, Mobile App, Bluetooth v6.0 Headphones,Voice Assist., Type C Charging & IPX5 (Blue)",pTron,599.0,3.8,626.0,true wireless earbuds,enhanced_scrape,,,45.0,,13.0,6.0,,IPX5,0.0,,5.0,0.0,0.0,0.0,0.0,0.0,0.0,,,India,,,,1,0,0,0,0,1.0,B0FWCPL8RK,pTron India,"Long 45H battery life for extended listening | IP5 water resistance — safe for workouts and rain | 13mm driver for rich, detailed sound | Latest Bluetooth v6.0 for stable, efficient connection"
,"pTron Bassbuds Indie In-Ear TWS Earbuds w/ 10mm Drivers, 45Hrs Playtime, Dual HD Mic & AI-ENC Calls, Custom EQ, Mobile App, Bluetooth V5.4 Earphones, Voice Assistant, Type C Charging & IPX5(Jet Black)",pTron,599.0,3.7,392.0,true wireless earbuds,enhanced_scrape,,,45.0,,10.0,5.4,,IPX5,0.0,,5.0,0.0,0.0,0.0,1.0,0.0,0.0,,,India,,,,1,0,0,0,0,1.0,B0G261Z2XB,pTron India,"Long 45H battery life for extended listening | IP5 water resistance — safe for workouts and rain | 10mm driver for rich, detailed sound | Latest Bluetooth v5.4 for stable, efficient connection"
,"pTron Tangent Rush w/ 50Hrs Playtime, Pristine Sound, Dual-Device Pairing, Bluetooth 5.4 Wireless in-Ear Earphones with Mic, Voice Assistant, Type-C Fast Charging & IPX5 Water Resistant (Forest Green)",pTron,497.0,3.6,947.0,true wireless earbuds,enhanced_scrape,,,50.0,,,5.4,,IPX5,0.0,,5.0,0.0,0.0,0.0,1.0,1.0,0.0,,,India,,,,0,0,0,0,0,1.0,B0FZC8CKPG,pTron India,"Long 50H battery life for extended listening | Fast charging — minimal downtime between uses | IP5 water resistance — safe for workouts and rain | Latest Bluetooth v5.4 for stable, efficient connection"
,"pTron Tangentbeat V2 w/ 50Hrs Playtime, Pristine Sound, Dual-Device Pairing, Bluetooth 5.4 Wireless In-Ear Earphones with Mic, Hall Switch Feature, Magnetic Earbuds, Type-C Fast Charging & IPX5(Black)",pTron,599.0,3.5,565.0,true wireless earbuds,enhanced_scrape,,,50.0,,,5.4,,IPX5,0.0,,5.0,0.0,0.0,0.0,0.0,1.0,0.0,,,India,,,,0,0,0,0,0,1.0,B0FHF8NRQD,pTron India,"Long 50H battery life for extended listening | Fast charging — minimal downtime between uses | IP5 water resistance — safe for workouts and rain | Latest Bluetooth v5.4 for stable, efficient connection"
,"realme Earbuds Air 7 True Wireless,12.4mm Dynamic Bass Drivers,52Hrs Playtime,52dB Hybrid ANC,6 Mic ENC,45ms Low Latency,360° Spatial Audio,Hi-Res LHDC,IP55 Dust & Water Resistant,BT v5.4(SlateGrey)",realme,3299.0,4.3,3407.0,true wireless earbuds,enhanced_scrape,,,52.0,,,5.4,6 mics,,1.0,,,0.0,0.0,0.0,0.0,0.0,0.0,52.0,45.0,China,,,,1,0,1,1,1,1.0,B0F5GV3Y87,BBK Electronics,"Long 52H battery life for extended listening | Active Noise Cancellation (52db hybrid anc) blocks out distractions | Ultra-low 45ms latency — ideal for gaming and video | Spatial/3D audio for an immersive sound experience | Hi-Res audio (LDAC/LHDC) for studio-quality sound | IP55 water resistance — safe for workouts and rain | 6-mic array with ENC for crystal-clear calls | Latest Bluetooth v5.4 for stable, efficient connection | Highly rated 4.3/5 by customers | Popular choice with 3,407+ reviews"
,"realme Buds Wireless 3 Neo in Ear Bluetooth Neckband with 13.4 Mm Dynamic Bass Boost Driver,Upto 32 Hours Playback,Fast Charge,Ai Enc,45Ms Low Latency,Ip55 Dust&Water Resistannt&Bluetooth V 5.4 Black",realme,1099.0,4.2,2965.0,neckband,enhanced_scrape,,,32.0,,,5.4,,,0.0,,,0.0,0.0,0.0,0.0,1.0,0.0,,45.0,China,,,,1,0,0,0,1,1.0,B0DVC6MP1D,BBK Electronics,"Decent 32H playtime for daily commutes | Ultra-low 45ms latency — ideal for gaming and video | Fast charging — minimal downtime between uses | IP55 water resistance — safe for workouts and rain | Highly rated 4.2/5 by customers | Popular choice with 2,965+ reviews"
,"realme Buds Air 8,11mm+6mm Dual Dynamic Bass Drivers,58 Hrs Playtime, 55dB ANC,6 Mic ENC, 45ms Low Latency, 360° Spatial Audio, Hi-Res LHDC, IP55 Dust & Water Resistant, BT v5.4 (Master Purple)",realme,3799.0,4.2,511.0,unknown,enhanced_scrape,,,58.0,,,5.4,6 mics,,1.0,,,0.0,0.0,0.0,0.0,0.0,0.0,55.0,45.0,China,,,,1,0,1,1,1,1.0,B0GDQ7Y8Q5,BBK Electronics,"Long 58H battery life for extended listening | Active Noise Cancellation (55db anc) blocks out distractions | Ultra-low 45ms latency — ideal for gaming and video | Spatial/3D audio for an immersive sound experience | Hi-Res audio (LDAC/LHDC) for studio-quality sound | IP55 water resistance — safe for workouts and rain | 6-mic array with ENC for crystal-clear calls | Latest Bluetooth v5.4 for stable, efficient connection | Highly rated 4.2/5 by customers"
,"realme Buds T310 True Wireless in-Ear Earbuds with 46dB Hybrid ANC, 360° Spatial Audio, 12.4mm Dynamic Bass Driver, Upto 40Hrs Battery and Fast Charging (Monet Purple)",realme,1899.0,4.2,7910.0,true wireless earbuds,enhanced_scrape,,,40.0,,,,,,1.0,,,0.0,0.0,0.0,0.0,1.0,0.0,46.0,,China,,,,0,0,0,1,0,0.0,B0DBGNY4XP,BBK Electronics,"Long 40H battery life for extended listening | Active Noise Cancellation (46db hybrid anc) blocks out distractions | Fast charging — minimal downtime between uses | Spatial/3D audio for an immersive sound experience | Highly rated 4.2/5 by customers | Popular choice with 7,910+ reviews"
,"realme Buds Wireless 5 ANC in Ear Bluetooth Headphones,50dB ANC, 13.6mm Dynamic Bass Driver,360° Spatial Audio,45ms Low Latency,Upto 38hrs Playback,IP55 Rating,Dual Device Connection (Midnight Black)",realme,1599.0,4.1,91961.0,over-ear headphone,enhanced_scrape,,,38.0,,,,,,1.0,,,0.0,0.0,0.0,0.0,0.0,1.0,50.0,45.0,China,,,,1,0,0,1,1,1.0,B0DNPWJLQC,BBK Electronics,"Decent 38H playtime for daily commutes | Active Noise Cancellation (50db anc) blocks out distractions | Ultra-low 45ms latency — ideal for gaming and video | Spatial/3D audio for an immersive sound experience | IP55 water resistance — safe for workouts and rain | Multipoint connection — pair with two devices simultaneously | Well-rated at 4.1/5 stars | Trusted by 91,961+ buyers"
,"soundcore by Anker R50i VI True Wireless Earbuds, 10mm Drivers with Big Bass, Bluetooth 5.3, 30H Long Playtime, Water-Resistant, 2 Mics for AI Clear Calls, 22 Preset EQs, Customization (White)",soundcore,949.0,4.0,279.0,true wireless earbuds,enhanced_scrape,,,30.0,,10.0,5.3,2 mics,,0.0,,,0.0,0.0,0.0,0.0,0.0,0.0,,,USA,,,,0,0,0,0,0,0.0,B0DCVLM12X,Anker Innovations,"Decent 30H playtime for daily commutes | Built-in 2 mics for hands-free calling | 10mm driver for rich, detailed sound | Latest Bluetooth v5.3 for stable, efficient connection | Well-rated at 4.0/5 stars"
,"truke New Launch [2025] Mega 7 True Wireless in-Ear Earbuds w/ 24-Bit 360 Spatial Audio, 60H Playtime & Fast Charging Buds, Dual Pairing, 40ms Low Latency TWS, 4-Mic ENC, Made in India-(Coffee Brown)",truke,999.0,4.2,431.0,true wireless earbuds,enhanced_scrape,,,60.0,,,,,,0.0,,,0.0,0.0,0.0,0.0,1.0,1.0,,40.0,India,,,,1,0,0,1,1,0.0,B0FKBWTWZ8,Truke Tech Pvt Ltd,Exceptional 60H battery — great for all-day use | Ultra-low 40ms latency — ideal for gaming and video | Fast charging — minimal downtime between uses | Spatial/3D audio for an immersive sound experience | Multipoint connection — pair with two devices simultaneously | Highly rated 4.2/5 by customers
,"truke New Launch Buds Aura True Wireless in Ear Earbuds with 70Hrs of Playtime and Fast Charging Ear Buds, 13mm Titanium Drivers, Quad-MIC ENC TWS, 40ms Low Latency Gaming Buds, BT 5.4 (CarbonBlack)",truke,699.0,4.1,146.0,true wireless earbuds,enhanced_scrape,,,70.0,,,5.4,,,0.0,,,0.0,0.0,0.0,0.0,1.0,0.0,,40.0,India,,,,1,1,0,0,1,0.0,B0DVLHZXF9,Truke Tech Pvt Ltd,"Exceptional 70H battery — great for all-day use | Ultra-low 40ms latency — ideal for gaming and video | Fast charging — minimal downtime between uses | Latest Bluetooth v5.4 for stable, efficient connection | Well-rated at 4.1/5 stars"
,"truke Newly Launched Buds Infinity Open Ear Wireless Earbuds with 70Hours of Playtime, 16mm Titanium Speaker, Quad Mic PureVoice™ ENC for Clear Calls, Dual Pairing, Fast Charging OWS - Royal Blue",truke,1599.0,3.9,646.0,true wireless earbuds,enhanced_scrape,,,70.0,,,,,,0.0,,,0.0,0.0,0.0,0.0,1.0,1.0,,,India,,,,1,0,0,0,0,0.0,B0F9T79LW6,Truke Tech Pvt Ltd,Exceptional 70H battery — great for all-day use | Fast charging — minimal downtime between uses | Multipoint connection — pair with two devices simultaneously
,"truke New Launch Buds Elite True Wireless in Ear Earbuds with 10mm Dynamic Driver, 70Hrs Battery & Fast Charging EarBuds, Dual-MIC ENC TWS, 40ms Low Latency Gaming Buds, Volume Control, BT 5.4 (Black)",truke,699.0,3.9,1289.0,true wireless earbuds,enhanced_scrape,,,70.0,,,5.4,,,0.0,,,0.0,0.0,0.0,0.0,1.0,0.0,,40.0,India,,,,1,1,0,0,1,0.0,B0DVL9D7JD,Truke Tech Pvt Ltd,"Exceptional 70H battery — great for all-day use | Ultra-low 40ms latency — ideal for gaming and video | Fast charging — minimal downtime between uses | Latest Bluetooth v5.4 for stable, efficient connection | Popular choice with 1,289+ reviews"
,"truke Newly Launched Buds Liberty Open Ear Wireless Earbuds with 360Spatial™ Audio Experience, 16mm Beryllium Speaker, 60H Playtime, Quad Mic for Crystal-Clear Calls, Fast Charging, BT5.4",truke,1799.0,3.8,2044.0,true wireless earbuds,enhanced_scrape,,,60.0,,,5.4,,,0.0,,,0.0,0.0,0.0,0.0,1.0,0.0,,,India,,,,1,0,0,0,0,0.0,B0D5R4L2XD,Truke Tech Pvt Ltd,"Exceptional 60H battery — great for all-day use | Fast charging — minimal downtime between uses | Latest Bluetooth v5.4 for stable, efficient connection | Popular choice with 2,044+ reviews"
,"truke TruClips Wireless Open Ear Buds with 55H Battery, 12mm Custom Drivers, Spatial Audio, Premium Leather Dual Form Design, Low Latency, Quad Mic ENC, Ambient Awareness, IPX5 - OnyxBlue",truke,1999.0,3.5,128.0,true wireless earbuds,enhanced_scrape,,,55.0,,,,,IPX5,0.0,,5.0,0.0,0.0,0.0,0.0,0.0,0.0,,,India,,,,1,0,0,1,0,1.0,B0GK269LVR,Truke Tech Pvt Ltd,Long 55H battery life for extended listening | Spatial/3D audio for an immersive sound experience | IP5 water resistance — safe for workouts and rain
